dex_no,name_en,name_jp,form_en,form_count,generation,type1,type2,hp,atk,def,spa,spd,spe,bst
1,Bulbasaur,フシギダネ,Normal,1,1,Grass,Poison,45,49,49,65,65,45,318
2,Ivysaur,フシギソウ,Normal,1,1,Grass,Poison,60,62,63,80,80,60,405
3,Venusaur,フシギバナ,Normal,2,1,Grass,Poison,80,82,83,100,100,80,525
3,Venusaur,メガフシギバナ,Mega Venusaur,2,1,Grass,Poison,80,100,123,122,120,80,625
4,Charmander,ヒトカゲ,Normal,1,1,Fire,,39,52,43,60,50,65,309
5,Charmeleon,リザード,Normal,1,1,Fire,,58,64,58,80,65,80,405
6,Charizard,リザードン,Normal,3,1,Fire,Flying,78,84,78,109,85,100,534
6,Charizard,メガリザードンX,Mega Charizard X,3,1,Fire,Dragon,78,130,111,130,85,100,634
6,Charizard,メガリザードンY,Mega Charizard Y,3,1,Fire,Flying,78,104,78,159,115,100,634
7,Squirtle,ゼニガメ,Normal,1,1,Water,,44,48,65,50,64,43,314
8,Wartortle,カメール,Normal,1,1,Water,,59,63,80,65,80,58,405
9,Blastoise,カメックス,Normal,2,1,Water,,79,83,100,85,105,78,530
9,Blastoise,メガカメックス,Mega Blastoise,2,1,Water,,79,103,120,135,115,78,630
10,Caterpie,キャタピー,Normal,1,1,Bug,,45,30,35,20,20,45,195
11,Metapod,トランセル,Normal,1,1,Bug,,50,20,55,25,25,30,205
12,Butterfree,バタフリー,Normal,1,1,Bug,Flying,60,45,50,90,80,70,395
13,Weedle,ビードル,Normal,1,1,Bug,Poison,40,35,30,20,20,50,195
14,Kakuna,コクーン,Normal,1,1,Bug,Poison,45,25,50,25,25,35,205
15,Beedrill,スピアー,Normal,2,1,Bug,Poison,65,90,40,45,80,75,395
15,Beedrill,メガスピアー,Mega Beedrill,2,1,Bug,Poison,65,150,40,15,80,145,495
16,Pidgey,ポッポ,Normal,1,1,Normal,Flying,40,45,40,35,35,56,251
17,Pidgeotto,ピジョン,Normal,1,1,Normal,Flying,63,60,55,50,50,71,349
18,Pidgeot,ピジョット,Normal,2,1,Normal,Flying,83,80,75,70,70,101,479
18,Pidgeot,メガピジョット,Mega Pidgeot,2,1,Normal,Flying,83,80,80,135,80,121,579
19,Rattata,コラッタ,Normal,2,1,Normal,,30,56,35,25,35,72,253
19,Rattata,コラッタ,Alolan Rattata,2,1,Dark,Normal,30,56,35,25,35,72,253
20,Raticate,ラッタ,Normal,2,1,Normal,,55,81,60,50,70,97,413
20,Raticate,ラッタ,Alolan Raticate,2,1,Dark,Normal,75,71,70,40,80,77,413
21,Spearow,オニスズメ,Normal,1,1,Normal,Flying,40,60,30,31,31,70,262
22,Fearow,オニドリル,Normal,1,1,Normal,Flying,65,90,65,61,61,100,442
23,Ekans,アーボ,Normal,1,1,Poison,,35,60,44,40,54,55,288
24,Arbok,アーボック,Normal,1,1,Poison,,60,95,69,65,79,80,448
25,Pikachu,ピカチュウ,Normal,2,1,Electric,,35,55,40,50,50,90,320
25,Pikachu,ピカチュウ,Partner Pikachu,2,1,Electric,,45,80,50,75,60,120,430
26,Raichu,ライチュウ,Normal,2,1,Electric,,60,90,55,90,80,110,485
26,Raichu,ライチュウ,Alolan Raichu,2,1,Electric,Psychic,60,85,50,95,85,110,485
27,Sandshrew,サンド,Normal,2,1,Ground,,50,75,85,20,30,40,300
27,Sandshrew,サンド,Alolan Sandshrew,2,1,Ice,Steel,50,75,90,10,35,40,300
28,Sandslash,サンドパン,Normal,2,1,Ground,,75,100,110,45,55,65,450
28,Sandslash,サンドパン,Alolan Sandslash,2,1,Ice,Steel,75,100,120,25,65,65,450
29,Nidoran♀,ニドラン♀,Normal,1,1,Poison,,55,47,52,40,40,41,275
30,Nidorina,ニドリーナ,Normal,1,1,Poison,,70,62,67,55,55,56,365
31,Nidoqueen,ニドクイン,Normal,1,1,Poison,Ground,90,92,87,75,85,76,505
32,Nidoran♂,ニドラン♂,Normal,1,1,Poison,,46,57,40,40,40,50,273
33,Nidorino,ニドリーノ,Normal,1,1,Poison,,61,72,57,55,55,65,365
34,Nidoking,ニドキング,Normal,1,1,Poison,Ground,81,102,77,85,75,85,505
35,Clefairy,ピッピ,Normal,1,1,Fairy,,70,45,48,60,65,35,323
36,Clefable,ピクシー,Normal,1,1,Fairy,,95,70,73,95,90,60,483
37,Vulpix,ロコン,Normal,2,1,Fire,,38,41,40,50,65,65,299
37,Vulpix,ロコン,Alolan Vulpix,2,1,Ice,,38,41,40,50,65,65,299
38,Ninetales,キュウコン,Normal,2,1,Fire,,73,76,75,81,100,100,505
38,Ninetales,キュウコン,Alolan Ninetales,2,1,Ice,Fairy,73,67,75,81,100,109,505
39,Jigglypuff,プリン,Normal,1,1,Normal,Fairy,115,45,20,45,25,20,270
40,Wigglytuff,プクリン,Normal,1,1,Normal,Fairy,140,70,45,85,50,45,435
41,Zubat,ズバット,Normal,1,1,Poison,Flying,40,45,35,30,40,55,245
42,Golbat,ゴルバット,Normal,1,1,Poison,Flying,75,80,70,65,75,90,455
43,Oddish,ナゾノクサ,Normal,1,1,Grass,Poison,45,50,55,75,65,30,320
44,Gloom,クサイハナ,Normal,1,1,Grass,Poison,60,65,70,85,75,40,395
45,Vileplume,ラフレシア,Normal,1,1,Grass,Poison,75,80,85,110,90,50,490
46,Paras,パラス,Normal,1,1,Bug,Grass,35,70,55,45,55,25,285
47,Parasect,パラセクト,Normal,1,1,Bug,Grass,60,95,80,60,80,30,405
48,Venonat,コンパン,Normal,1,1,Bug,Poison,60,55,50,40,55,45,305
49,Venomoth,モルフォン,Normal,1,1,Bug,Poison,70,65,60,90,75,90,450
50,Diglett,ディグダ,Normal,2,1,Ground,,10,55,25,35,45,95,265
50,Diglett,ディグダ,Alolan Diglett,2,1,Ground,Steel,10,55,30,35,45,90,265
51,Dugtrio,ダグトリオ,Normal,2,1,Ground,,35,100,50,50,70,120,425
51,Dugtrio,ダグトリオ,Alolan Dugtrio,2,1,Ground,Steel,35,100,60,50,70,110,425
52,Meowth,ニャース,Normal,3,1,Normal,,40,45,35,40,40,90,290
52,Meowth,ニャース,Alolan Meowth,3,1,Dark,,40,35,35,50,40,90,290
52,Meowth,ニャース,Galarian Meowth,3,1,Steel,,50,65,55,40,40,40,290
53,Persian,ペルシアン,Normal,2,1,Normal,,65,70,60,65,65,115,440
53,Persian,ペルシアン,Alolan Persian,2,1,Dark,,65,60,60,75,65,115,440
54,Psyduck,コダック,Normal,1,1,Water,,50,52,48,65,50,55,320
55,Golduck,ゴルダック,Normal,1,1,Water,,80,82,78,95,80,85,500
56,Mankey,マンキー,Normal,1,1,Fighting,,40,80,35,35,45,70,305
57,Primeape,オコリザル,Normal,1,1,Fighting,,65,105,60,60,70,95,455
58,Growlithe,ガーディ,Normal,2,1,Fire,,55,70,45,70,50,60,350
58,Growlithe,ガーディ,Hisuian Growlithe,2,1,Fire,Rock,60,75,45,65,50,55,350
59,Arcanine,ウインディ,Normal,2,1,Fire,,90,110,80,100,80,95,555
59,Arcanine,ウインディ,Hisuian Arcanine,2,1,Fire,Rock,95,115,80,95,80,90,555
60,Poliwag,ニョロモ,Normal,1,1,Water,,40,50,40,40,40,90,300
61,Poliwhirl,ニョロゾ,Normal,1,1,Water,,65,65,65,50,50,90,385
62,Poliwrath,ニョロボン,Normal,1,1,Water,Fighting,90,95,95,70,90,70,510
63,Abra,ケーシィ,Normal,1,1,Psychic,,25,20,15,105,55,90,310
64,Kadabra,ユンゲラー,Normal,1,1,Psychic,,40,35,30,120,70,105,400
65,Alakazam,フーディン,Normal,2,1,Psychic,,55,50,45,135,95,120,500
65,Alakazam,メガフーディン,Mega Alakazam,2,1,Psychic,,55,50,65,175,105,150,600
66,Machop,ワンリキー,Normal,1,1,Fighting,,70,80,50,35,35,35,305
67,Machoke,ゴーリキー,Normal,1,1,Fighting,,80,100,70,50,60,45,405
68,Machamp,カイリキー,Normal,1,1,Fighting,,90,130,80,65,85,55,505
69,Bellsprout,マダツボミ,Normal,1,1,Grass,Poison,50,75,35,70,30,40,300
70,Weepinbell,ウツドン,Normal,1,1,Grass,Poison,65,90,50,85,45,55,390
71,Victreebel,ウツボット,Normal,1,1,Grass,Poison,80,105,65,100,70,70,490
72,Tentacool,メノクラゲ,Normal,1,1,Water,Poison,40,40,35,50,100,70,335
73,Tentacruel,ドククラゲ,Normal,1,1,Water,Poison,80,70,65,80,120,100,515
74,Geodude,イシツブテ,Normal,2,1,Rock,Ground,40,80,100,30,30,20,300
74,Geodude,イシツブテ,Alolan Geodude,2,1,Rock,Electric,40,80,100,30,30,20,300
75,Graveler,ゴローン,Normal,2,1,Rock,Ground,55,95,115,45,45,35,390
75,Graveler,ゴローン,Alolan Graveler,2,1,Rock,Electric,55,95,115,45,45,35,390
76,Golem,ゴローニャ,Normal,2,1,Rock,Ground,80,120,130,55,65,45,495
76,Golem,ゴローニャ,Alolan Golem,2,1,Rock,Electric,80,120,130,55,65,45,495
77,Ponyta,ポニータ,Normal,2,1,Fire,,50,85,55,65,65,90,410
77,Ponyta,ポニータ,Galarian Ponyta,2,1,Psychic,,50,85,55,65,65,90,410
78,Rapidash,ギャロップ,Normal,2,1,Fire,,65,100,70,80,80,105,500
78,Rapidash,ギャロップ,Galarian Rapidash,2,1,Psychic,Fairy,65,100,70,80,80,105,500
79,Slowpoke,ヤドン,Normal,2,1,Water,Psychic,90,65,65,40,40,15,315
79,Slowpoke,ヤドン,Galarian Slowpoke,2,1,Psychic,,90,65,65,40,40,15,315
80,Slowbro,ヤドラン,Normal,3,1,Water,Psychic,95,75,110,100,80,30,490
80,Slowbro,メガヤドラン,Mega Slowbro,3,1,Water,Psychic,95,75,180,130,80,30,590
80,Slowbro,ヤドラン,Galarian Slowbro,3,1,Poison,Psychic,95,100,95,100,70,30,490
81,Magnemite,コイル,Normal,1,1,Electric,Steel,25,35,70,95,55,45,325
82,Magneton,レアコイル,Normal,1,1,Electric,Steel,50,60,95,120,70,70,465
83,Farfetch'd,カモネギ,Normal,2,1,Normal,Flying,52,90,55,58,62,60,377
83,Farfetch'd,カモネギ,Galarian Farfetch'd,2,1,Fighting,,52,95,55,58,62,55,377
84,Doduo,ドードー,Normal,1,1,Normal,Flying,35,85,45,35,35,75,310
85,Dodrio,ドードリオ,Normal,1,1,Normal,Flying,60,110,70,60,60,110,470
86,Seel,パウワウ,Normal,1,1,Water,,65,45,55,45,70,45,325
87,Dewgong,ジュゴン,Normal,1,1,Water,Ice,90,70,80,70,95,70,475
88,Grimer,ベトベター,Normal,2,1,Poison,,80,80,50,40,50,25,325
88,Grimer,ベトベター,Alolan Grimer,2,1,Poison,Dark,80,80,50,40,50,25,325
89,Muk,ベトベトン,Normal,2,1,Poison,,105,105,75,65,100,50,500
89,Muk,ベトベトン,Alolan Muk,2,1,Poison,Dark,105,105,75,65,100,50,500
90,Shellder,シェルダー,Normal,1,1,Water,,30,65,100,45,25,40,305
91,Cloyster,パルシェン,Normal,1,1,Water,Ice,50,95,180,85,45,70,525
92,Gastly,ゴース,Normal,1,1,Ghost,Poison,30,35,30,100,35,80,310
93,Haunter,ゴースト,Normal,1,1,Ghost,Poison,45,50,45,115,55,95,405
94,Gengar,ゲンガー,Normal,2,1,Ghost,Poison,60,65,60,130,75,110,500
94,Gengar,メガゲンガー,Mega Gengar,2,1,Ghost,Poison,60,65,80,170,95,130,600
95,Onix,イワーク,Normal,1,1,Rock,Ground,35,45,160,30,45,70,385
96,Drowzee,スリープ,Normal,1,1,Psychic,,60,48,45,43,90,42,328
97,Hypno,スリーパー,Normal,1,1,Psychic,,85,73,70,73,115,67,483
98,Krabby,クラブ,Normal,1,1,Water,,30,105,90,25,25,50,325
99,Kingler,キングラー,Normal,1,1,Water,,55,130,115,50,50,75,475
100,Voltorb,ビリリダマ,Normal,2,1,Electric,,40,30,50,55,55,100,330
100,Voltorb,ビリリダマ,Hisuian Voltorb,2,1,Electric,Grass,40,30,50,55,55,100,330
101,Electrode,マルマイン,Normal,2,1,Electric,,60,50,70,80,80,150,490
101,Electrode,マルマイン,Hisuian Electrode,2,1,Electric,Grass,60,50,70,80,80,150,490
102,Exeggcute,タマタマ,Normal,1,1,Grass,Psychic,60,40,80,60,45,40,325
103,Exeggutor,ナッシー,Normal,2,1,Grass,Psychic,95,95,85,125,75,55,530
103,Exeggutor,ナッシー,Alolan Exeggutor,2,1,Grass,Dragon,95,105,85,125,75,45,530
104,Cubone,カラカラ,Normal,1,1,Ground,,50,50,95,40,50,35,320
105,Marowak,ガラガラ,Normal,2,1,Ground,,60,80,110,50,80,45,425
105,Marowak,ガラガラ,Alolan Marowak,2,1,Fire,Ghost,60,80,110,50,80,45,425
106,Hitmonlee,サワムラー,Normal,1,1,Fighting,,50,120,53,35,110,87,455
107,Hitmonchan,エビワラー,Normal,1,1,Fighting,,50,105,79,35,110,76,455
108,Lickitung,ベロリンガ,Normal,1,1,Normal,,90,55,75,60,75,30,385
109,Koffing,ドガース,Normal,1,1,Poison,,40,65,95,60,45,35,340
110,Weezing,マタドガス,Normal,2,1,Poison,,65,90,120,85,70,60,490
110,Weezing,マタドガス,Galarian Weezing,2,1,Poison,Fairy,65,90,120,85,70,60,490
111,Rhyhorn,サイホーン,Normal,1,1,Ground,Rock,80,85,95,30,30,25,345
112,Rhydon,サイドン,Normal,1,1,Ground,Rock,105,130,120,45,45,40,485
113,Chansey,ラッキー,Normal,1,1,Normal,,250,5,5,35,105,50,450
114,Tangela,モンジャラ,Normal,1,1,Grass,,65,55,115,100,40,60,435
115,Kangaskhan,ガルーラ,Normal,2,1,Normal,,105,95,80,40,80,90,490
115,Kangaskhan,メガガルーラ,Mega Kangaskhan,2,1,Normal,,105,125,100,60,100,100,590
116,Horsea,タッツー,Normal,1,1,Water,,30,40,70,70,25,60,295
117,Seadra,シードラ,Normal,1,1,Water,,55,65,95,95,45,85,440
118,Goldeen,トサキント,Normal,1,1,Water,,45,67,60,35,50,63,320
119,Seaking,アズマオウ,Normal,1,1,Water,,80,92,65,65,80,68,450
120,Staryu,ヒトデマン,Normal,1,1,Water,,30,45,55,70,55,85,340
121,Starmie,スターミー,Normal,1,1,Water,Psychic,60,75,85,100,85,115,520
122,Mr. Mime,バリヤード,Normal,2,1,Psychic,Fairy,40,45,65,100,120,90,460
122,Mr. Mime,バリヤード,Galarian Mr. Mime,2,1,Ice,Psychic,50,65,65,90,90,100,460
123,Scyther,ストライク,Normal,1,1,Bug,Flying,70,110,80,55,80,105,500
124,Jynx,ルージュラ,Normal,1,1,Ice,Psychic,65,50,35,115,95,95,455
125,Electabuzz,エレブー,Normal,1,1,Electric,,65,83,57,95,85,105,490
126,Magmar,ブーバー,Normal,1,1,Fire,,65,95,57,100,85,93,495
127,Pinsir,カイロス,Normal,2,1,Bug,,65,125,100,55,70,85,500
127,Pinsir,メガカイロス,Mega Pinsir,2,1,Bug,Flying,65,155,120,65,90,105,600
128,Tauros,ケンタロス,Normal,4,1,Normal,,75,100,95,40,70,110,490
128,Tauros,ケンタロス,Combat Breed,4,1,Fighting,,75,110,105,30,70,100,490
128,Tauros,ケンタロス,Blaze Breed,4,1,Fighting,Fire,75,110,105,30,70,100,490
128,Tauros,ケンタロス,Aqua Breed,4,1,Fighting,Water,75,110,105,30,70,100,490
129,Magikarp,コイキング,Normal,1,1,Water,,20,10,55,15,20,80,200
130,Gyarados,ギャラドス,Normal,2,1,Water,Flying,95,125,79,60,100,81,540
130,Gyarados,メガギャラドス,Mega Gyarados,2,1,Water,Dark,95,155,109,70,130,81,640
131,Lapras,ラプラス,Normal,1,1,Water,Ice,130,85,80,85,95,60,535
132,Ditto,メタモン,Normal,1,1,Normal,,48,48,48,48,48,48,288
133,Eevee,イーブイ,Normal,2,1,Normal,,55,55,50,45,65,55,325
133,Eevee,イーブイ,Partner Eevee,2,1,Normal,,65,75,70,65,85,75,435
134,Vaporeon,シャワーズ,Normal,1,1,Water,,130,65,60,110,95,65,525
135,Jolteon,サンダース,Normal,1,1,Electric,,65,65,60,110,95,130,525
136,Flareon,ブースター,Normal,1,1,Fire,,65,130,60,95,110,65,525
137,Porygon,ポリゴン,Normal,1,1,Normal,,65,60,70,85,75,40,395
138,Omanyte,オムナイト,Normal,1,1,Rock,Water,35,40,100,90,55,35,355
139,Omastar,オムスター,Normal,1,1,Rock,Water,70,60,125,115,70,55,495
140,Kabuto,カブト,Normal,1,1,Rock,Water,30,80,90,55,45,55,355
141,Kabutops,カブトプス,Normal,1,1,Rock,Water,60,115,105,65,70,80,495
142,Aerodactyl,プテラ,Normal,2,1,Rock,Flying,80,105,65,60,75,130,515
142,Aerodactyl,メガプテラ,Mega Aerodactyl,2,1,Rock,Flying,80,135,85,70,95,150,615
143,Snorlax,カビゴン,Normal,1,1,Normal,,160,110,65,65,110,30,540
144,Articuno,フリーザー,Normal,2,1,Ice,Flying,90,85,100,95,125,85,580
144,Articuno,フリーザー,Galarian Articuno,2,1,Psychic,Flying,90,85,85,125,100,95,580
145,Zapdos,サンダー,Normal,2,1,Electric,Flying,90,90,85,125,90,100,580
145,Zapdos,サンダー,Galarian Zapdos,2,1,Fighting,Flying,90,125,90,85,90,100,580
146,Moltres,ファイヤー,Normal,2,1,Fire,Flying,90,100,90,125,85,90,580
146,Moltres,ファイヤー,Galarian Moltres,2,1,Dark,Flying,90,85,90,100,125,90,580
147,Dratini,ミニリュウ,Normal,1,1,Dragon,,41,64,45,50,50,50,300
148,Dragonair,ハクリュー,Normal,1,1,Dragon,,61,84,65,70,70,70,420
149,Dragonite,カイリュー,Normal,1,1,Dragon,Flying,91,134,95,100,100,80,600
150,Mewtwo,ミュウツー,Normal,3,1,Psychic,,106,110,90,154,90,130,680
150,Mewtwo,メガミュウツーX,Mega Mewtwo X,3,1,Psychic,Fighting,106,190,100,154,100,130,780
150,Mewtwo,メガミュウツーY,Mega Mewtwo Y,3,1,Psychic,,106,150,70,194,120,140,780
151,Mew,ミュウ,Normal,1,1,Psychic,,100,100,100,100,100,100,600
152,Chikorita,チコリータ,Normal,1,2,Grass,,45,49,65,49,65,45,318
153,Bayleef,ベイリーフ,Normal,1,2,Grass,,60,62,80,63,80,60,405
154,Meganium,メガニウム,Normal,1,2,Grass,,80,82,100,83,100,80,525
155,Cyndaquil,ヒノアラシ,Normal,1,2,Fire,,39,52,43,60,50,65,309
156,Quilava,マグマラシ,Normal,1,2,Fire,,58,64,58,80,65,80,405
157,Typhlosion,バクフーン,Normal,2,2,Fire,,78,84,78,109,85,100,534
157,Typhlosion,バクフーン,Hisuian Typhlosion,2,2,Fire,Ghost,73,84,78,119,85,95,534
158,Totodile,ワニノコ,Normal,1,2,Water,,50,65,64,44,48,43,314
159,Croconaw,アリゲイツ,Normal,1,2,Water,,65,80,80,59,63,58,405
160,Feraligatr,オーダイル,Normal,1,2,Water,,85,105,100,79,83,78,530
161,Sentret,オタチ,Normal,1,2,Normal,,35,46,34,35,45,20,215
162,Furret,オオタチ,Normal,1,2,Normal,,85,76,64,45,55,90,415
163,Hoothoot,ホーホー,Normal,1,2,Normal,Flying,60,30,30,36,56,50,262
164,Noctowl,ヨルノズク,Normal,1,2,Normal,Flying,100,50,50,86,96,70,452
165,Ledyba,レディバ,Normal,1,2,Bug,Flying,40,20,30,40,80,55,265
166,Ledian,レディアン,Normal,1,2,Bug,Flying,55,35,50,55,110,85,390
167,Spinarak,イトマル,Normal,1,2,Bug,Poison,40,60,40,40,40,30,250
168,Ariados,アリアドス,Normal,1,2,Bug,Poison,70,90,70,60,70,40,400
169,Crobat,クロバット,Normal,1,2,Poison,Flying,85,90,80,70,80,130,535
170,Chinchou,チョンチー,Normal,1,2,Water,Electric,75,38,38,56,56,67,330
171,Lanturn,ランターン,Normal,1,2,Water,Electric,125,58,58,76,76,67,460
172,Pichu,ピチュー,Normal,1,2,Electric,,20,40,15,35,35,60,205
173,Cleffa,ピィ,Normal,1,2,Fairy,,50,25,28,45,55,15,218
174,Igglybuff,ププリン,Normal,1,2,Normal,Fairy,90,30,15,40,20,15,210
175,Togepi,トゲピー,Normal,1,2,Fairy,,35,20,65,40,65,20,245
176,Togetic,トゲチック,Normal,1,2,Fairy,Flying,55,40,85,80,105,40,405
177,Natu,ネイティ,Normal,1,2,Psychic,Flying,40,50,45,70,45,70,320
178,Xatu,ネイティオ,Normal,1,2,Psychic,Flying,65,75,70,95,70,95,470
179,Mareep,メリープ,Normal,1,2,Electric,,55,40,40,65,45,35,280
180,Flaaffy,モココ,Normal,1,2,Electric,,70,55,55,80,60,45,365
181,Ampharos,デンリュウ,Normal,2,2,Electric,,90,75,85,115,90,55,510
181,Ampharos,メガデンリュウ,Mega Ampharos,2,2,Electric,Dragon,90,95,105,165,110,45,610
182,Bellossom,キレイハナ,Normal,1,2,Grass,,75,80,95,90,100,50,490
183,Marill,マリル,Normal,1,2,Water,Fairy,70,20,50,20,50,40,250
184,Azumarill,マリルリ,Normal,1,2,Water,Fairy,100,50,80,60,80,50,420
185,Sudowoodo,ウソッキー,Normal,1,2,Rock,,70,100,115,30,65,30,410
186,Politoed,ニョロトノ,Normal,1,2,Water,,90,75,75,90,100,70,500
187,Hoppip,ハネッコ,Normal,1,2,Grass,Flying,35,35,40,35,55,50,250
188,Skiploom,ポポッコ,Normal,1,2,Grass,Flying,55,45,50,45,65,80,340
189,Jumpluff,ワタッコ,Normal,1,2,Grass,Flying,75,55,70,55,95,110,460
190,Aipom,エイパム,Normal,1,2,Normal,,55,70,55,40,55,85,360
191,Sunkern,ヒマナッツ,Normal,1,2,Grass,,30,30,30,30,30,30,180
192,Sunflora,キマワリ,Normal,1,2,Grass,,75,75,55,105,85,30,425
193,Yanma,ヤンヤンマ,Normal,1,2,Bug,Flying,65,65,45,75,45,95,390
194,Wooper,ウパー,Normal,2,2,Water,Ground,55,45,45,25,25,15,210
194,Wooper,ウパー,Paldean Wooper,2,2,Poison,Ground,55,45,45,25,25,15,210
195,Quagsire,ヌオー,Normal,1,2,Water,Ground,95,85,85,65,65,35,430
196,Espeon,エーフィ,Normal,1,2,Psychic,,65,65,60,130,95,110,525
197,Umbreon,ブラッキー,Normal,1,2,Dark,,95,65,110,60,130,65,525
198,Murkrow,ヤミカラス,Normal,1,2,Dark,Flying,60,85,42,85,42,91,405
199,Slowking,ヤドキング,Normal,2,2,Water,Psychic,95,75,80,100,110,30,490
199,Slowking,ヤドキング,Galarian Slowking,2,2,Poison,Psychic,95,65,80,110,110,30,490
200,Misdreavus,ムウマ,Normal,1,2,Ghost,,60,60,60,85,85,85,435
201,Unown,アンノーン,Normal,1,2,Psychic,,48,72,48,72,48,48,336
202,Wobbuffet,ソーナンス,Normal,1,2,Psychic,,190,33,58,33,58,33,405
203,Girafarig,キリンリキ,Normal,1,2,Normal,Psychic,70,80,65,90,65,85,455
204,Pineco,クヌギダマ,Normal,1,2,Bug,,50,65,90,35,35,15,290
205,Forretress,フォレトス,Normal,1,2,Bug,Steel,75,90,140,60,60,40,465
206,Dunsparce,ノコッチ,Normal,1,2,Normal,,100,70,70,65,65,45,415
207,Gligar,グライガー,Normal,1,2,Ground,Flying,65,75,105,35,65,85,430
208,Steelix,ハガネール,Normal,2,2,Steel,Ground,75,85,200,55,65,30,510
208,Steelix,メガハガネール,Mega Steelix,2,2,Steel,Ground,75,125,230,55,95,30,610
209,Snubbull,ブルー,Normal,1,2,Fairy,,60,80,50,40,40,30,300
210,Granbull,グランブル,Normal,1,2,Fairy,,90,120,75,60,60,45,450
211,Qwilfish,ハリーセン,Normal,2,2,Water,Poison,65,95,85,55,55,85,440
211,Qwilfish,ハリーセン,Hisuian Qwilfish,2,2,Dark,Poison,65,95,85,55,55,85,440
212,Scizor,ハッサム,Normal,2,2,Bug,Steel,70,130,100,55,80,65,500
212,Scizor,メガハッサム,Mega Scizor,2,2,Bug,Steel,70,150,140,65,100,75,600
213,Shuckle,ツボツボ,Normal,1,2,Bug,Rock,20,10,230,10,230,5,505
214,Heracross,ヘラクロス,Normal,2,2,Bug,Fighting,80,125,75,40,95,85,500
214,Heracross,メガヘラクロス,Mega Heracross,2,2,Bug,Fighting,80,185,115,40,105,75,600
215,Sneasel,ニューラ,Normal,2,2,Dark,Ice,55,95,55,35,75,115,430
215,Sneasel,ニューラ,Hisuian Sneasel,2,2,Fighting,Poison,55,95,55,35,75,115,430
216,Teddiursa,ヒメグマ,Normal,1,2,Normal,,60,80,50,50,50,40,330
217,Ursaring,リングマ,Normal,1,2,Normal,,90,130,75,75,75,55,500
218,Slugma,マグマッグ,Normal,1,2,Fire,,40,40,40,70,40,20,250
219,Magcargo,マグカルゴ,Normal,1,2,Fire,Rock,60,50,120,90,80,30,430
220,Swinub,ウリムー,Normal,1,2,Ice,Ground,50,50,40,30,30,50,250
221,Piloswine,イノムー,Normal,1,2,Ice,Ground,100,100,80,60,60,50,450
222,Corsola,サニーゴ,Normal,2,2,Water,Rock,65,55,95,65,95,35,410
222,Corsola,サニーゴ,Galarian Corsola,2,2,Ghost,,60,55,100,65,100,30,410
223,Remoraid,テッポウオ,Normal,1,2,Water,,35,65,35,65,35,65,300
224,Octillery,オクタン,Normal,1,2,Water,,75,105,75,105,75,45,480
225,Delibird,デリバード,Normal,1,2,Ice,Flying,45,55,45,65,45,75,330
226,Mantine,マンタイン,Normal,1,2,Water,Flying,85,40,70,80,140,70,485
227,Skarmory,エアームド,Normal,1,2,Steel,Flying,65,80,140,40,70,70,465
228,Houndour,デルビル,Normal,1,2,Dark,Fire,45,60,30,80,50,65,330
229,Houndoom,ヘルガー,Normal,2,2,Dark,Fire,75,90,50,110,80,95,500
229,Houndoom,メガヘルガー,Mega Houndoom,2,2,Dark,Fire,75,90,90,140,90,115,600
230,Kingdra,キングドラ,Normal,1,2,Water,Dragon,75,95,95,95,95,85,540
231,Phanpy,ゴマゾウ,Normal,1,2,Ground,,90,60,60,40,40,40,330
232,Donphan,ドンファン,Normal,1,2,Ground,,90,120,120,60,60,50,500
233,Porygon2,ポリゴン2,Normal,1,2,Normal,,85,80,90,105,95,60,515
234,Stantler,オドシシ,Normal,1,2,Normal,,73,95,62,85,65,85,465
235,Smeargle,ドーブル,Normal,1,2,Normal,,55,20,35,20,45,75,250
236,Tyrogue,バルキー,Normal,1,2,Fighting,,35,35,35,35,35,35,210
237,Hitmontop,カポエラー,Normal,1,2,Fighting,,50,95,95,35,110,70,455
238,Smoochum,ムチュール,Normal,1,2,Ice,Psychic,45,30,15,85,65,65,305
239,Elekid,エレキッド,Normal,1,2,Electric,,45,63,37,65,55,95,360
240,Magby,ブビィ,Normal,1,2,Fire,,45,75,37,70,55,83,365
241,Miltank,ミルタンク,Normal,1,2,Normal,,95,80,105,40,70,100,490
242,Blissey,ハピナス,Normal,1,2,Normal,,255,10,10,75,135,55,540
243,Raikou,ライコウ,Normal,1,2,Electric,,90,85,75,115,100,115,580
244,Entei,エンテイ,Normal,1,2,Fire,,115,115,85,90,75,100,580
245,Suicune,スイクン,Normal,1,2,Water,,100,75,115,90,115,85,580
246,Larvitar,ヨーギラス,Normal,1,2,Rock,Ground,50,64,50,45,50,41,300
247,Pupitar,サナギラス,Normal,1,2,Rock,Ground,70,84,70,65,70,51,410
248,Tyranitar,バンギラス,Normal,2,2,Rock,Dark,100,134,110,95,100,61,600
248,Tyranitar,メガバンギラス,Mega Tyranitar,2,2,Rock,Dark,100,164,150,95,120,71,700
249,Lugia,ルギア,Normal,1,2,Psychic,Flying,106,90,130,90,154,110,680
250,Ho-oh,ホウオウ,Normal,1,2,Fire,Flying,106,130,90,110,154,90,680
251,Celebi,セレビィ,Normal,1,2,Psychic,Grass,100,100,100,100,100,100,600
252,Treecko,キモリ,Normal,1,3,Grass,,40,45,35,65,55,70,310
253,Grovyle,ジュプトル,Normal,1,3,Grass,,50,65,45,85,65,95,405
254,Sceptile,ジュカイン,Normal,2,3,Grass,,70,85,65,105,85,120,530
254,Sceptile,メガジュカイン,Mega Sceptile,2,3,Grass,Dragon,70,110,75,145,85,145,630
255,Torchic,アチャモ,Normal,1,3,Fire,,45,60,40,70,50,45,310
256,Combusken,ワカシャモ,Normal,1,3,Fire,Fighting,60,85,60,85,60,55,405
257,Blaziken,バシャーモ,Normal,2,3,Fire,Fighting,80,120,70,110,70,80,530
257,Blaziken,メガバシャーモ,Mega Blaziken,2,3,Fire,Fighting,80,160,80,130,80,100,630
258,Mudkip,ミズゴロウ,Normal,1,3,Water,,50,70,50,50,50,40,310
259,Marshtomp,ヌマクロー,Normal,1,3,Water,Ground,70,85,70,60,70,50,405
260,Swampert,ラグラージ,Normal,2,3,Water,Ground,100,110,90,85,90,60,535
260,Swampert,メガラグラージ,Mega Swampert,2,3,Water,Ground,100,150,110,95,110,70,635
261,Poochyena,ポチエナ,Normal,1,3,Dark,,35,55,35,30,30,35,220
262,Mightyena,グラエナ,Normal,1,3,Dark,,70,90,70,60,60,70,420
263,Zigzagoon,ジグザグマ,Normal,2,3,Normal,,38,30,41,30,41,60,240
263,Zigzagoon,ジグザグマ,Galarian Zigzagoon,2,3,Dark,Normal,38,30,41,30,41,60,240
264,Linoone,マッスグマ,Normal,2,3,Normal,,78,70,61,50,61,100,420
264,Linoone,マッスグマ,Galarian Linoone,2,3,Dark,Normal,78,70,61,50,61,100,420
265,Wurmple,ケムッソ,Normal,1,3,Bug,,45,45,35,20,30,20,195
266,Silcoon,カラサリス,Normal,1,3,Bug,,50,35,55,25,25,15,205
267,Beautifly,アゲハント,Normal,1,3,Bug,Flying,60,70,50,100,50,65,395
268,Cascoon,マユルド,Normal,1,3,Bug,,50,35,55,25,25,15,205
269,Dustox,ドクケイル,Normal,1,3,Bug,Poison,60,50,70,50,90,65,385
270,Lotad,ハスボー,Normal,1,3,Water,Grass,40,30,30,40,50,30,220
271,Lombre,ハスブレロ,Normal,1,3,Water,Grass,60,50,50,60,70,50,340
272,Ludicolo,ルンパッパ,Normal,1,3,Water,Grass,80,70,70,90,100,70,480
273,Seedot,タネボー,Normal,1,3,Grass,,40,40,50,30,30,30,220
274,Nuzleaf,コノハナ,Normal,1,3,Grass,Dark,70,70,40,60,40,60,340
275,Shiftry,ダーテング,Normal,1,3,Grass,Dark,90,100,60,90,60,80,480
276,Taillow,スバメ,Normal,1,3,Normal,Flying,40,55,30,30,30,85,270
277,Swellow,オオスバメ,Normal,1,3,Normal,Flying,60,85,60,75,50,125,455
278,Wingull,キャモメ,Normal,1,3,Water,Flying,40,30,30,55,30,85,270
279,Pelipper,ペリッパー,Normal,1,3,Water,Flying,60,50,100,95,70,65,440
280,Ralts,ラルトス,Normal,1,3,Psychic,Fairy,28,25,25,45,35,40,198
281,Kirlia,キルリア,Normal,1,3,Psychic,Fairy,38,35,35,65,55,50,278
282,Gardevoir,サーナイト,Normal,2,3,Psychic,Fairy,68,65,65,125,115,80,518
282,Gardevoir,メガサーナイト,Mega Gardevoir,2,3,Psychic,Fairy,68,85,65,165,135,100,618
283,Surskit,アメタマ,Normal,1,3,Bug,Water,40,30,32,50,52,65,269
284,Masquerain,アメモース,Normal,1,3,Bug,Flying,70,60,62,100,82,80,454
285,Shroomish,キノココ,Normal,1,3,Grass,,60,40,60,40,60,35,295
286,Breloom,キノガッサ,Normal,1,3,Grass,Fighting,60,130,80,60,60,70,460
287,Slakoth,ナマケロ,Normal,1,3,Normal,,60,60,60,35,35,30,280
288,Vigoroth,ヤルキモノ,Normal,1,3,Normal,,80,80,80,55,55,90,440
289,Slaking,ケッキング,Normal,1,3,Normal,,150,160,100,95,65,100,670
290,Nincada,ツチニン,Normal,1,3,Bug,Ground,31,45,90,30,30,40,266
291,Ninjask,テッカニン,Normal,1,3,Bug,Flying,61,90,45,50,50,160,456
292,Shedinja,ヌケニン,Normal,1,3,Bug,Ghost,1,90,45,30,30,40,236
293,Whismur,ゴニョニョ,Normal,1,3,Normal,,64,51,23,51,23,28,240
294,Loudred,ドゴーム,Normal,1,3,Normal,,84,71,43,71,43,48,360
295,Exploud,バクオング,Normal,1,3,Normal,,104,91,63,91,73,68,490
296,Makuhita,マクノシタ,Normal,1,3,Fighting,,72,60,30,20,30,25,237
297,Hariyama,ハリテヤマ,Normal,1,3,Fighting,,144,120,60,40,60,50,474
298,Azurill,ルリリ,Normal,1,3,Normal,Fairy,50,20,40,20,40,20,190
299,Nosepass,ノズパス,Normal,1,3,Rock,,30,45,135,45,90,30,375
300,Skitty,エネコ,Normal,1,3,Normal,,50,45,45,35,35,50,260
301,Delcatty,エネコロロ,Normal,1,3,Normal,,70,65,65,55,55,90,400
302,Sableye,ヤミラミ,Normal,2,3,Dark,Ghost,50,75,75,65,65,50,380
302,Sableye,メガヤミラミ,Mega Sableye,2,3,Dark,Ghost,50,85,125,85,115,20,480
303,Mawile,クチート,Normal,2,3,Steel,Fairy,50,85,85,55,55,50,380
303,Mawile,メガクチート,Mega Mawile,2,3,Steel,Fairy,50,105,125,55,95,50,480
304,Aron,ココドラ,Normal,1,3,Steel,Rock,50,70,100,40,40,30,330
305,Lairon,コドラ,Normal,1,3,Steel,Rock,60,90,140,50,50,40,430
306,Aggron,ボスゴドラ,Normal,2,3,Steel,Rock,70,110,180,60,60,50,530
306,Aggron,メガボスゴドラ,Mega Aggron,2,3,Steel,,70,140,230,60,80,50,630
307,Meditite,アサナン,Normal,1,3,Fighting,Psychic,30,40,55,40,55,60,280
308,Medicham,チャーレム,Normal,2,3,Fighting,Psychic,60,60,75,60,75,80,410
308,Medicham,メガチャーレム,Mega Medicham,2,3,Fighting,Psychic,60,100,85,80,85,100,510
309,Electrike,ラクライ,Normal,1,3,Electric,,40,45,40,65,40,65,295
310,Manectric,ライボルト,Normal,2,3,Electric,,70,75,60,105,60,105,475
310,Manectric,メガライボルト,Mega Manectric,2,3,Electric,,70,75,80,135,80,135,575
311,Plusle,プラスル,Normal,1,3,Electric,,60,50,40,85,75,95,405
312,Minun,マイナン,Normal,1,3,Electric,,60,40,50,75,85,95,405
313,Volbeat,バルビート,Normal,1,3,Bug,,65,73,75,47,85,85,430
314,Illumise,イルミーゼ,Normal,1,3,Bug,,65,47,75,73,85,85,430
315,Roselia,ロゼリア,Normal,1,3,Grass,Poison,50,60,45,100,80,65,400
316,Gulpin,ゴクリン,Normal,1,3,Poison,,70,43,53,43,53,40,302
317,Swalot,マルノーム,Normal,1,3,Poison,,100,73,83,73,83,55,467
318,Carvanha,キバニア,Normal,1,3,Water,Dark,45,90,20,65,20,65,305
319,Sharpedo,サメハダー,Normal,2,3,Water,Dark,70,120,40,95,40,95,460
319,Sharpedo,メガサメハダー,Mega Sharpedo,2,3,Water,Dark,70,140,70,110,65,105,560
320,Wailmer,ホエルコ,Normal,1,3,Water,,130,70,35,70,35,60,400
321,Wailord,ホエルオー,Normal,1,3,Water,,170,90,45,90,45,60,500
322,Numel,ドンメル,Normal,1,3,Fire,Ground,60,60,40,65,45,35,305
323,Camerupt,バクーダ,Normal,2,3,Fire,Ground,70,100,70,105,75,40,460
323,Camerupt,メガバクーダ,Mega Camerupt,2,3,Fire,Ground,70,120,100,145,105,20,560
324,Torkoal,コータス,Normal,1,3,Fire,,70,85,140,85,70,20,470
325,Spoink,バネブー,Normal,1,3,Psychic,,60,25,35,70,80,60,330
326,Grumpig,ブーピッグ,Normal,1,3,Psychic,,80,45,65,90,110,80,470
327,Spinda,パッチール,Normal,1,3,Normal,,60,60,60,60,60,60,360
328,Trapinch,ナックラー,Normal,1,3,Ground,,45,100,45,45,45,10,290
329,Vibrava,ビブラーバ,Normal,1,3,Ground,Dragon,50,70,50,50,50,70,340
330,Flygon,フライゴン,Normal,1,3,Ground,Dragon,80,100,80,80,80,100,520
331,Cacnea,サボネア,Normal,1,3,Grass,,50,85,40,85,40,35,335
332,Cacturne,ノクタス,Normal,1,3,Grass,Dark,70,115,60,115,60,55,475
333,Swablu,チルット,Normal,1,3,Normal,Flying,45,40,60,40,75,50,310
334,Altaria,チルタリス,Normal,2,3,Dragon,Flying,75,70,90,70,105,80,490
334,Altaria,メガチルタリス,Mega Altaria,2,3,Dragon,Fairy,75,110,110,110,105,80,590
335,Zangoose,ザングース,Normal,1,3,Normal,,73,115,60,60,60,90,458
336,Seviper,ハブネーク,Normal,1,3,Poison,,73,100,60,100,60,65,458
337,Lunatone,ルナトーン,Normal,1,3,Rock,Psychic,90,55,65,95,85,70,460
338,Solrock,ソルロック,Normal,1,3,Rock,Psychic,90,95,85,55,65,70,460
339,Barboach,ドジョッチ,Normal,1,3,Water,Ground,50,48,43,46,41,60,288
340,Whiscash,ナマズン,Normal,1,3,Water,Ground,110,78,73,76,71,60,468
341,Corphish,ヘイガニ,Normal,1,3,Water,,43,80,65,50,35,35,308
342,Crawdaunt,シザリガー,Normal,1,3,Water,Dark,63,120,85,90,55,55,468
343,Baltoy,ヤジロン,Normal,1,3,Ground,Psychic,40,40,55,40,70,55,300
344,Claydol,ネンドール,Normal,1,3,Ground,Psychic,60,70,105,70,120,75,500
345,Lileep,リリーラ,Normal,1,3,Rock,Grass,66,41,77,61,87,23,355
346,Cradily,ユレイドル,Normal,1,3,Rock,Grass,86,81,97,81,107,43,495
347,Anorith,アノプス,Normal,1,3,Rock,Bug,45,95,50,40,50,75,355
348,Armaldo,アーマルド,Normal,1,3,Rock,Bug,75,125,100,70,80,45,495
349,Feebas,ヒンバス,Normal,1,3,Water,,20,15,20,10,55,80,200
350,Milotic,ミロカロス,Normal,1,3,Water,,95,60,79,100,125,81,540
351,Castform,ポワルン,Normal,4,3,Normal,,70,70,70,70,70,70,420
351,Castform,Castform,Sunny Form,4,3,Fire,,70,70,70,70,70,70,420
351,Castform,Castform,Rainy Form,4,3,Water,,70,70,70,70,70,70,420
351,Castform,Castform,Snowy Form,4,3,Ice,,70,70,70,70,70,70,420
352,Kecleon,カクレオン,Normal,1,3,Normal,,60,90,70,60,120,40,440
353,Shuppet,カゲボウズ,Normal,1,3,Ghost,,44,75,35,63,33,45,295
354,Banette,ジュペッタ,Normal,2,3,Ghost,,64,115,65,83,63,65,455
354,Banette,メガジュペッタ,Mega Banette,2,3,Ghost,,64,165,75,93,83,75,555
355,Duskull,ヨマワル,Normal,1,3,Ghost,,20,40,90,30,90,25,295
356,Dusclops,サマヨール,Normal,1,3,Ghost,,40,70,130,60,130,25,455
357,Tropius,トロピウス,Normal,1,3,Grass,Flying,99,68,83,72,87,51,460
358,Chimecho,チリーン,Normal,1,3,Psychic,,75,50,80,95,90,65,455
359,Absol,アブソル,Normal,2,3,Dark,,65,130,60,75,60,75,465
359,Absol,メガアブソル,Mega Absol,2,3,Dark,,65,150,60,115,60,115,565
360,Wynaut,ソーナノ,Normal,1,3,Psychic,,95,23,48,23,48,23,260
361,Snorunt,ユキワラシ,Normal,1,3,Ice,,50,50,50,50,50,50,300
362,Glalie,オニゴーリ,Normal,2,3,Ice,,80,80,80,80,80,80,480
362,Glalie,メガオニゴーリ,Mega Glalie,2,3,Ice,,80,120,80,120,80,100,580
363,Spheal,タマザラシ,Normal,1,3,Ice,Water,70,40,50,55,50,25,290
364,Sealeo,トドグラー,Normal,1,3,Ice,Water,90,60,70,75,70,45,410
365,Walrein,トドゼルガ,Normal,1,3,Ice,Water,110,80,90,95,90,65,530
366,Clamperl,パールル,Normal,1,3,Water,,35,64,85,74,55,32,345
367,Huntail,ハンテール,Normal,1,3,Water,,55,104,105,94,75,52,485
368,Gorebyss,サクラビス,Normal,1,3,Water,,55,84,105,114,75,52,485
369,Relicanth,ジーランス,Normal,1,3,Water,Rock,100,90,130,45,65,55,485
370,Luvdisc,ラブカス,Normal,1,3,Water,,43,30,55,40,65,97,330
371,Bagon,タツベイ,Normal,1,3,Dragon,,45,75,60,40,30,50,300
372,Shelgon,コモルー,Normal,1,3,Dragon,,65,95,100,60,50,50,420
373,Salamence,ボーマンダ,Normal,2,3,Dragon,Flying,95,135,80,110,80,100,600
373,Salamence,メガボーマンダ,Mega Salamence,2,3,Dragon,Flying,95,145,130,120,90,120,700
374,Beldum,ダンバル,Normal,1,3,Steel,Psychic,40,55,80,35,60,30,300
375,Metang,メタング,Normal,1,3,Steel,Psychic,60,75,100,55,80,50,420
376,Metagross,メタグロス,Normal,2,3,Steel,Psychic,80,135,130,95,90,70,600
376,Metagross,メガメタグロス,Mega Metagross,2,3,Steel,Psychic,80,145,150,105,110,110,700
377,Regirock,レジロック,Normal,1,3,Rock,,80,100,200,50,100,50,580
378,Regice,レジアイス,Normal,1,3,Ice,,80,50,100,100,200,50,580
379,Registeel,レジスチル,Normal,1,3,Steel,,80,75,150,75,150,50,580
380,Latias,ラティアス,Normal,2,3,Dragon,Psychic,80,80,90,110,130,110,600
380,Latias,メガラティアス,Mega Latias,2,3,Dragon,Psychic,80,100,120,140,150,110,700
381,Latios,ラティオス,Normal,2,3,Dragon,Psychic,80,90,80,130,110,110,600
381,Latios,メガラティオス,Mega Latios,2,3,Dragon,Psychic,80,130,100,160,120,110,700
382,Kyogre,カイオーガ,Normal,2,3,Water,,100,100,90,150,140,90,670
382,Kyogre,ゲンシカイオーガ,Primal Kyogre,2,3,Water,,100,150,90,180,160,90,770
383,Groudon,グラードン,Normal,2,3,Ground,,100,150,140,100,90,90,670
383,Groudon,ゲンシグラードン,Primal Groudon,2,3,Ground,Fire,100,180,160,150,90,90,770
384,Rayquaza,レックウザ,Normal,2,3,Dragon,Flying,105,150,90,150,90,95,680
384,Rayquaza,メガレックウザ,Mega Rayquaza,2,3,Dragon,Flying,105,180,100,180,100,115,780
385,Jirachi,ジラーチ,Normal,1,3,Steel,Psychic,100,100,100,100,100,100,600
386,Deoxys,デオキシス,Normal Forme,4,3,Psychic,,50,150,50,150,50,150,600
386,Deoxys,デオキシス,Attack Forme,4,3,Psychic,,50,180,20,180,20,150,600
386,Deoxys,デオキシス,Defense Forme,4,3,Psychic,,50,70,160,70,160,90,600
386,Deoxys,デオキシス,Speed Forme,4,3,Psychic,,50,95,90,95,90,180,600
387,Turtwig,ナエトル,Normal,1,4,Grass,,55,68,64,45,55,31,318
388,Grotle,ハヤシガメ,Normal,1,4,Grass,,75,89,85,55,65,36,405
389,Torterra,ドダイトス,Normal,1,4,Grass,Ground,95,109,105,75,85,56,525
390,Chimchar,ヒコザル,Normal,1,4,Fire,,44,58,44,58,44,61,309
391,Monferno,モウカザル,Normal,1,4,Fire,Fighting,64,78,52,78,52,81,405
392,Infernape,ゴウカザル,Normal,1,4,Fire,Fighting,76,104,71,104,71,108,534
393,Piplup,ポッチャマ,Normal,1,4,Water,,53,51,53,61,56,40,314
394,Prinplup,ポッタイシ,Normal,1,4,Water,,64,66,68,81,76,50,405
395,Empoleon,エンペルト,Normal,1,4,Water,Steel,84,86,88,111,101,60,530
396,Starly,ムックル,Normal,1,4,Normal,Flying,40,55,30,30,30,60,245
397,Staravia,ムクバード,Normal,1,4,Normal,Flying,55,75,50,40,40,80,340
398,Staraptor,ムクホーク,Normal,1,4,Normal,Flying,85,120,70,50,60,100,485
399,Bidoof,ビッパ,Normal,1,4,Normal,,59,45,40,35,40,31,250
400,Bibarel,ビーダル,Normal,1,4,Normal,Water,79,85,60,55,60,71,410
401,Kricketot,コロボーシ,Normal,1,4,Bug,,37,25,41,25,41,25,194
402,Kricketune,コロトック,Normal,1,4,Bug,,77,85,51,55,51,65,384
403,Shinx,コリンク,Normal,1,4,Electric,,45,65,34,40,34,45,263
404,Luxio,ルクシオ,Normal,1,4,Electric,,60,85,49,60,49,60,363
405,Luxray,レントラー,Normal,1,4,Electric,,80,120,79,95,79,70,523
406,Budew,スボミー,Normal,1,4,Grass,Poison,40,30,35,50,70,55,280
407,Roserade,ロズレイド,Normal,1,4,Grass,Poison,60,70,65,125,105,90,515
408,Cranidos,ズガイドス,Normal,1,4,Rock,,67,125,40,30,30,58,350
409,Rampardos,ラムパルド,Normal,1,4,Rock,,97,165,60,65,50,58,495
410,Shieldon,タテトプス,Normal,1,4,Rock,Steel,30,42,118,42,88,30,350
411,Bastiodon,トリデプス,Normal,1,4,Rock,Steel,60,52,168,47,138,30,495
412,Burmy,ミノムッチ,Plant Cloak,3,4,Bug,,40,29,45,29,45,36,224
412,Burmy,Burmy,Sandy Cloak,3,4,Bug,,40,29,45,29,45,36,224
412,Burmy,Burmy,Trash Cloak,3,4,Bug,,40,29,45,29,45,36,224
413,Wormadam,ミノマダム,Plant Cloak,3,4,Bug,Grass,60,59,85,79,105,36,424
413,Wormadam,ミノマダム,Sandy Cloak,3,4,Bug,Ground,60,79,105,59,85,36,424
413,Wormadam,ミノマダム,Trash Cloak,3,4,Bug,Steel,60,69,95,69,95,36,424
414,Mothim,ガーメイル,Normal,1,4,Bug,Flying,70,94,50,94,50,66,424
415,Combee,ミツハニー,Normal,1,4,Bug,Flying,30,30,42,30,42,70,244
416,Vespiquen,ビークイン,Normal,1,4,Bug,Flying,70,80,102,80,102,40,474
417,Pachirisu,パチリス,Normal,1,4,Electric,,60,45,70,45,90,95,405
418,Buizel,ブイゼル,Normal,1,4,Water,,55,65,35,60,30,85,330
419,Floatzel,フローゼル,Normal,1,4,Water,,85,105,55,85,50,115,495
420,Cherubi,チェリンボ,Normal,1,4,Grass,,45,35,45,62,53,35,275
421,Cherrim,チェリム,Normal,1,4,Grass,,70,60,70,87,78,85,450
422,Shellos,カラナクシ,Normal,1,4,Water,,76,48,48,57,62,34,325
423,Gastrodon,トリトドン,Normal,1,4,Water,Ground,111,83,68,92,82,39,475
424,Ambipom,エテボース,Normal,1,4,Normal,,75,100,66,60,66,115,482
425,Drifloon,フワンテ,Normal,1,4,Ghost,Flying,90,50,34,60,44,70,348
426,Drifblim,フワライド,Normal,1,4,Ghost,Flying,150,80,44,90,54,80,498
427,Buneary,ミミロル,Normal,1,4,Normal,,55,66,44,44,56,85,350
428,Lopunny,ミミロップ,Normal,2,4,Normal,,65,76,84,54,96,105,480
428,Lopunny,メガミミロップ,Mega Lopunny,2,4,Normal,Fighting,65,136,94,54,96,135,580
429,Mismagius,ムウマージ,Normal,1,4,Ghost,,60,60,60,105,105,105,495
430,Honchkrow,ドンカラス,Normal,1,4,Dark,Flying,100,125,52,105,52,71,505
431,Glameow,ニャルマー,Normal,1,4,Normal,,49,55,42,42,37,85,310
432,Purugly,ブニャット,Normal,1,4,Normal,,71,82,64,64,59,112,452
433,Chingling,リーシャン,Normal,1,4,Psychic,,45,30,50,65,50,45,285
434,Stunky,スカンプー,Normal,1,4,Poison,Dark,63,63,47,41,41,74,329
435,Skuntank,スカタンク,Normal,1,4,Poison,Dark,103,93,67,71,61,84,479
436,Bronzor,ドーミラー,Normal,1,4,Steel,Psychic,57,24,86,24,86,23,300
437,Bronzong,ドータクン,Normal,1,4,Steel,Psychic,67,89,116,79,116,33,500
438,Bonsly,ウソハチ,Normal,1,4,Rock,,50,80,95,10,45,10,290
439,Mime Jr.,マネネ,Normal,1,4,Psychic,Fairy,20,25,45,70,90,60,310
440,Happiny,ピンプク,Normal,1,4,Normal,,100,5,5,15,65,30,220
441,Chatot,ペラップ,Normal,1,4,Normal,Flying,76,65,45,92,42,91,411
442,Spiritomb,ミカルゲ,Normal,1,4,Ghost,Dark,50,92,108,92,108,35,485
443,Gible,フカマル,Normal,1,4,Dragon,Ground,58,70,45,40,45,42,300
444,Gabite,ガバイト,Normal,1,4,Dragon,Ground,68,90,65,50,55,82,410
445,Garchomp,ガブリアス,Normal,2,4,Dragon,Ground,108,130,95,80,85,102,600
445,Garchomp,メガガブリアス,Mega Garchomp,2,4,Dragon,Ground,108,170,115,120,95,92,700
446,Munchlax,ゴンベ,Normal,1,4,Normal,,135,85,40,40,85,5,390
447,Riolu,リオル,Normal,1,4,Fighting,,40,70,40,35,40,60,285
448,Lucario,ルカリオ,Normal,2,4,Fighting,Steel,70,110,70,115,70,90,525
448,Lucario,メガルカリオ,Mega Lucario,2,4,Fighting,Steel,70,145,88,140,70,112,625
449,Hippopotas,ヒポポタス,Normal,1,4,Ground,,68,72,78,38,42,32,330
450,Hippowdon,カバルドン,Normal,1,4,Ground,,108,112,118,68,72,47,525
451,Skorupi,スコルピ,Normal,1,4,Poison,Bug,40,50,90,30,55,65,330
452,Drapion,ドラピオン,Normal,1,4,Poison,Dark,70,90,110,60,75,95,500
453,Croagunk,グレッグル,Normal,1,4,Poison,Fighting,48,61,40,61,40,50,300
454,Toxicroak,ドクロッグ,Normal,1,4,Poison,Fighting,83,106,65,86,65,85,490
455,Carnivine,マスキッパ,Normal,1,4,Grass,,74,100,72,90,72,46,454
456,Finneon,ケイコウオ,Normal,1,4,Water,,49,49,56,49,61,66,330
457,Lumineon,ネオラント,Normal,1,4,Water,,69,69,76,69,86,91,460
458,Mantyke,タマンタ,Normal,1,4,Water,Flying,45,20,50,60,120,50,345
459,Snover,ユキカブリ,Normal,1,4,Grass,Ice,60,62,50,62,60,40,334
460,Abomasnow,ユキノオー,Normal,2,4,Grass,Ice,90,92,75,92,85,60,494
460,Abomasnow,メガユキノオー,Mega Abomasnow,2,4,Grass,Ice,90,132,105,132,105,30,594
461,Weavile,マニューラ,Normal,1,4,Dark,Ice,70,120,65,45,85,125,510
462,Magnezone,ジバコイル,Normal,1,4,Electric,Steel,70,70,115,130,90,60,535
463,Lickilicky,ベロベルト,Normal,1,4,Normal,,110,85,95,80,95,50,515
464,Rhyperior,ドサイドン,Normal,1,4,Ground,Rock,115,140,130,55,55,40,535
465,Tangrowth,モジャンボ,Normal,1,4,Grass,,100,100,125,110,50,50,535
466,Electivire,エレキブル,Normal,1,4,Electric,,75,123,67,95,85,95,540
467,Magmortar,ブーバーン,Normal,1,4,Fire,,75,95,67,125,95,83,540
468,Togekiss,トゲキッス,Normal,1,4,Fairy,Flying,85,50,95,120,115,80,545
469,Yanmega,メガヤンマ,Normal,1,4,Bug,Flying,86,76,86,116,56,95,515
470,Leafeon,リーフィア,Normal,1,4,Grass,,65,110,130,60,65,95,525
471,Glaceon,グレイシア,Normal,1,4,Ice,,65,60,110,130,95,65,525
472,Gliscor,グライオン,Normal,1,4,Ground,Flying,75,95,125,45,75,95,510
473,Mamoswine,マンムー,Normal,1,4,Ice,Ground,110,130,80,70,60,80,530
474,Porygon-Z,ポリゴンZ,Normal,1,4,Normal,,85,80,70,135,75,90,535
475,Gallade,エルレイド,Normal,2,4,Psychic,Fighting,68,125,65,65,115,80,518
475,Gallade,メガエルレイド,Mega Gallade,2,4,Psychic,Fighting,68,165,95,65,115,110,618
476,Probopass,ダイノーズ,Normal,1,4,Rock,Steel,60,55,145,75,150,40,525
477,Dusknoir,ヨノワール,Normal,1,4,Ghost,,45,100,135,65,135,45,525
478,Froslass,ユキメノコ,Normal,1,4,Ice,Ghost,70,80,70,80,70,110,480
479,Rotom,ロトム,Normal,6,4,Electric,Ghost,50,50,77,95,77,91,440
479,Rotom,ロトム,Heat Rotom,6,4,Electric,Fire,50,65,107,105,107,86,520
479,Rotom,ロトム,Wash Rotom,6,4,Electric,Water,50,65,107,105,107,86,520
479,Rotom,ロトム,Frost Rotom,6,4,Electric,Ice,50,65,107,105,107,86,520
479,Rotom,ロトム,Fan Rotom,6,4,Electric,Flying,50,65,107,105,107,86,520
479,Rotom,ロトム,Mow Rotom,6,4,Electric,Grass,50,65,107,105,107,86,520
480,Uxie,ユクシー,Normal,1,4,Psychic,,75,75,130,75,130,95,580
481,Mesprit,エムリット,Normal,1,4,Psychic,,80,105,105,105,105,80,580
482,Azelf,アグノム,Normal,1,4,Psychic,,75,125,70,125,70,115,580
483,Dialga,ディアルガ,Normal,2,4,Steel,Dragon,100,120,120,150,100,90,680
483,Dialga,ディアルガ,Origin Forme,2,4,Steel,Dragon,100,100,120,150,120,90,680
484,Palkia,パルキア,Normal,2,4,Water,Dragon,90,120,100,150,120,100,680
484,Palkia,パルキア,Origin Forme,2,4,Water,Dragon,90,100,100,150,120,120,680
485,Heatran,ヒードラン,Normal,1,4,Fire,Steel,91,90,106,130,106,77,600
486,Regigigas,レジギガス,Normal,1,4,Normal,,110,160,110,80,110,100,670
487,Giratina,ギラティナ,Altered Forme,2,4,Ghost,Dragon,150,100,120,100,120,90,680
487,Giratina,ギラティナ,Origin Forme,2,4,Ghost,Dragon,150,120,100,120,100,90,680
488,Cresselia,クレセリア,Normal,1,4,Psychic,,120,70,110,75,120,85,580
489,Phione,フィオネ,Normal,1,4,Water,,80,80,80,80,80,80,480
490,Manaphy,マナフィ,Normal,1,4,Water,,100,100,100,100,100,100,600
491,Darkrai,ダークライ,Normal,1,4,Dark,,70,90,90,135,90,125,600
492,Shaymin,シェイミ,Land Forme,2,4,Grass,,100,100,100,100,100,100,600
492,Shaymin,シェイミ,Sky Forme,2,4,Grass,Flying,100,103,75,120,75,127,600
493,Arceus,アルセウス,Normal,1,4,Normal,,120,120,120,120,120,120,720
494,Victini,ビクティニ,Normal,1,5,Psychic,Fire,100,100,100,100,100,100,600
495,Snivy,ツタージャ,Normal,1,5,Grass,,45,45,55,45,55,63,308
496,Servine,ジャノビー,Normal,1,5,Grass,,60,60,75,60,75,83,413
497,Serperior,ジャローダ,Normal,1,5,Grass,,75,75,95,75,95,113,528
498,Tepig,ポカブ,Normal,1,5,Fire,,65,63,45,45,45,45,308
499,Pignite,チャオブー,Normal,1,5,Fire,Fighting,90,93,55,70,55,55,418
500,Emboar,エンブオー,Normal,1,5,Fire,Fighting,110,123,65,100,65,65,528
501,Oshawott,ミジュマル,Normal,1,5,Water,,55,55,45,63,45,45,308
502,Dewott,フタチマル,Normal,1,5,Water,,75,75,60,83,60,60,413
503,Samurott,ダイケンキ,Normal,2,5,Water,,95,100,85,108,70,70,528
503,Samurott,ダイケンキ,Hisuian Samurott,2,5,Water,Dark,90,108,80,100,65,85,528
504,Patrat,ミネズミ,Normal,1,5,Normal,,45,55,39,35,39,42,255
505,Watchog,ミルホッグ,Normal,1,5,Normal,,60,85,69,60,69,77,420
506,Lillipup,ヨーテリー,Normal,1,5,Normal,,45,60,45,25,45,55,275
507,Herdier,ハーデリア,Normal,1,5,Normal,,65,80,65,35,65,60,370
508,Stoutland,ムーランド,Normal,1,5,Normal,,85,110,90,45,90,80,500
509,Purrloin,チョロネコ,Normal,1,5,Dark,,41,50,37,50,37,66,281
510,Liepard,レパルダス,Normal,1,5,Dark,,64,88,50,88,50,106,446
511,Pansage,ヤナップ,Normal,1,5,Grass,,50,53,48,53,48,64,316
512,Simisage,ヤナッキー,Normal,1,5,Grass,,75,98,63,98,63,101,498
513,Pansear,バオップ,Normal,1,5,Fire,,50,53,48,53,48,64,316
514,Simisear,バオッキー,Normal,1,5,Fire,,75,98,63,98,63,101,498
515,Panpour,ヒヤップ,Normal,1,5,Water,,50,53,48,53,48,64,316
516,Simipour,ヒヤッキー,Normal,1,5,Water,,75,98,63,98,63,101,498
517,Munna,ムンナ,Normal,1,5,Psychic,,76,25,45,67,55,24,292
518,Musharna,ムシャーナ,Normal,1,5,Psychic,,116,55,85,107,95,29,487
519,Pidove,マメパト,Normal,1,5,Normal,Flying,50,55,50,36,30,43,264
520,Tranquill,ハトーボー,Normal,1,5,Normal,Flying,62,77,62,50,42,65,358
521,Unfezant,ケンホロウ,Normal,1,5,Normal,Flying,80,115,80,65,55,93,488
522,Blitzle,シママ,Normal,1,5,Electric,,45,60,32,50,32,76,295
523,Zebstrika,ゼブライカ,Normal,1,5,Electric,,75,100,63,80,63,116,497
524,Roggenrola,ダンゴロ,Normal,1,5,Rock,,55,75,85,25,25,15,280
525,Boldore,ガントル,Normal,1,5,Rock,,70,105,105,50,40,20,390
526,Gigalith,ギガイアス,Normal,1,5,Rock,,85,135,130,60,80,25,515
527,Woobat,コロモリ,Normal,1,5,Psychic,Flying,65,45,43,55,43,72,323
528,Swoobat,ココロモリ,Normal,1,5,Psychic,Flying,67,57,55,77,55,114,425
529,Drilbur,モグリュー,Normal,1,5,Ground,,60,85,40,30,45,68,328
530,Excadrill,ドリュウズ,Normal,1,5,Ground,Steel,110,135,60,50,65,88,508
531,Audino,タブンネ,Normal,2,5,Normal,,103,60,86,60,86,50,445
531,Audino,メガタブンネ,Mega Audino,2,5,Normal,Fairy,103,60,126,80,126,50,545
532,Timburr,ドッコラー,Normal,1,5,Fighting,,75,80,55,25,35,35,305
533,Gurdurr,ドテッコツ,Normal,1,5,Fighting,,85,105,85,40,50,40,405
534,Conkeldurr,ローブシン,Normal,1,5,Fighting,,105,140,95,55,65,45,505
535,Tympole,オタマロ,Normal,1,5,Water,,50,50,40,50,40,64,294
536,Palpitoad,ガマガル,Normal,1,5,Water,Ground,75,65,55,65,55,69,384
537,Seismitoad,ガマゲロゲ,Normal,1,5,Water,Ground,105,95,75,85,75,74,509
538,Throh,ナゲキ,Normal,1,5,Fighting,,120,100,85,30,85,45,465
539,Sawk,ダゲキ,Normal,1,5,Fighting,,75,125,75,30,75,85,465
540,Sewaddle,クルミル,Normal,1,5,Bug,Grass,45,53,70,40,60,42,310
541,Swadloon,クルマユ,Normal,1,5,Bug,Grass,55,63,90,50,80,42,380
542,Leavanny,ハハコモリ,Normal,1,5,Bug,Grass,75,103,80,70,80,92,500
543,Venipede,フシデ,Normal,1,5,Bug,Poison,30,45,59,30,39,57,260
544,Whirlipede,ホイーガ,Normal,1,5,Bug,Poison,40,55,99,40,79,47,360
545,Scolipede,ペンドラー,Normal,1,5,Bug,Poison,60,100,89,55,69,112,485
546,Cottonee,モンメン,Normal,1,5,Grass,Fairy,40,27,60,37,50,66,280
547,Whimsicott,エルフーン,Normal,1,5,Grass,Fairy,60,67,85,77,75,116,480
548,Petilil,チュリネ,Normal,1,5,Grass,,45,35,50,70,50,30,280
549,Lilligant,ドレディア,Normal,2,5,Grass,,70,60,75,110,75,90,480
549,Lilligant,ドレディア,Hisuian Lilligant,2,5,Grass,Fighting,70,105,75,50,75,105,480
550,Basculin,バスラオ,Red-Striped Form,3,5,Water,,70,92,65,80,55,98,460
550,Basculin,バスラオ,Blue-Striped Form,3,5,Water,,70,92,65,80,55,98,460
550,Basculin,バスラオ,White-Striped Form,3,5,Water,,70,92,65,80,55,98,460
551,Sandile,メグロコ,Normal,1,5,Ground,Dark,50,72,35,35,35,65,292
552,Krokorok,ワルビル,Normal,1,5,Ground,Dark,60,82,45,45,45,74,351
553,Krookodile,ワルビアル,Normal,1,5,Ground,Dark,95,117,80,65,70,92,519
554,Darumaka,ダルマッカ,Normal,2,5,Fire,,70,90,45,15,45,50,315
554,Darumaka,ダルマッカ,Galarian Darumaka,2,5,Ice,,70,90,45,15,45,50,315
555,Darmanitan,ヒヒダルマ,Standard Mode,4,5,Fire,,105,140,55,30,55,95,480
555,Darmanitan,ヒヒダルマ,Zen Mode,4,5,Fire,Psychic,105,30,105,140,105,55,540
555,Darmanitan,ヒヒダルマ,Galarian Standard Mode,4,5,Ice,,105,140,55,30,55,95,480
555,Darmanitan,ヒヒダルマ,Galarian Zen Mode,4,5,Ice,Fire,105,160,55,30,55,135,540
556,Maractus,マラカッチ,Normal,1,5,Grass,,75,86,67,106,67,60,461
557,Dwebble,イシズマイ,Normal,1,5,Bug,Rock,50,65,85,35,35,55,325
558,Crustle,イワパレス,Normal,1,5,Bug,Rock,70,105,125,65,75,45,485
559,Scraggy,ズルッグ,Normal,1,5,Dark,Fighting,50,75,70,35,70,48,348
560,Scrafty,ズルズキン,Normal,1,5,Dark,Fighting,65,90,115,45,115,58,488
561,Sigilyph,シンボラー,Normal,1,5,Psychic,Flying,72,58,80,103,80,97,490
562,Yamask,デスマス,Normal,2,5,Ghost,,38,30,85,55,65,30,303
562,Yamask,デスマス,Galarian Yamask,2,5,Ground,Ghost,38,55,85,30,65,30,303
563,Cofagrigus,デスカーン,Normal,1,5,Ghost,,58,50,145,95,105,30,483
564,Tirtouga,プロトーガ,Normal,1,5,Water,Rock,54,78,103,53,45,22,355
565,Carracosta,アバゴーラ,Normal,1,5,Water,Rock,74,108,133,83,65,32,495
566,Archen,アーケン,Normal,1,5,Rock,Flying,55,112,45,74,45,70,401
567,Archeops,アーケオス,Normal,1,5,Rock,Flying,75,140,65,112,65,110,567
568,Trubbish,ヤブクロン,Normal,1,5,Poison,,50,50,62,40,62,65,329
569,Garbodor,ダストダス,Normal,1,5,Poison,,80,95,82,60,82,75,474
570,Zorua,ゾロア,Normal,2,5,Dark,,40,65,40,80,40,65,330
570,Zorua,ゾロア,Hisuian Zorua,2,5,Normal,Ghost,35,60,40,85,40,70,330
571,Zoroark,ゾロアーク,Normal,2,5,Dark,,60,105,60,120,60,105,510
571,Zoroark,ゾロアーク,Hisuian Zoroark,2,5,Normal,Ghost,60,105,60,120,60,105,510
572,Minccino,チラーミィ,Normal,1,5,Normal,,55,50,40,40,40,75,300
573,Cinccino,チラチーノ,Normal,1,5,Normal,,75,95,60,65,60,115,470
574,Gothita,ゴチム,Normal,1,5,Psychic,,45,30,50,55,65,45,290
575,Gothorita,ゴチミル,Normal,1,5,Psychic,,60,45,70,75,85,55,390
576,Gothitelle,ゴチルゼル,Normal,1,5,Psychic,,70,55,95,95,110,65,490
577,Solosis,ユニラン,Normal,1,5,Psychic,,45,30,40,105,50,20,290
578,Duosion,ダブラン,Normal,1,5,Psychic,,65,40,50,125,60,30,370
579,Reuniclus,ランクルス,Normal,1,5,Psychic,,110,65,75,125,85,30,490
580,Ducklett,コアルヒー,Normal,1,5,Water,Flying,62,44,50,44,50,55,305
581,Swanna,スワンナ,Normal,1,5,Water,Flying,75,87,63,87,63,98,473
582,Vanillite,バニプッチ,Normal,1,5,Ice,,36,50,50,65,60,44,305
583,Vanillish,バニリッチ,Normal,1,5,Ice,,51,65,65,80,75,59,395
584,Vanilluxe,バイバニラ,Normal,1,5,Ice,,71,95,85,110,95,79,535
585,Deerling,シキジカ,Normal,1,5,Normal,Grass,60,60,50,40,50,75,335
586,Sawsbuck,メブキジカ,Normal,1,5,Normal,Grass,80,100,70,60,70,95,475
587,Emolga,エモンガ,Normal,1,5,Electric,Flying,55,75,60,75,60,103,428
588,Karrablast,カブルモ,Normal,1,5,Bug,,50,75,45,40,45,60,315
589,Escavalier,シュバルゴ,Normal,1,5,Bug,Steel,70,135,105,60,105,20,495
590,Foongus,タマゲタケ,Normal,1,5,Grass,Poison,69,55,45,55,55,15,294
591,Amoonguss,モロバレル,Normal,1,5,Grass,Poison,114,85,70,85,80,30,464
592,Frillish,プルリル,Normal,1,5,Water,Ghost,55,40,50,65,85,40,335
593,Jellicent,ブルンゲル,Normal,1,5,Water,Ghost,100,60,70,85,105,60,480
594,Alomomola,ママンボウ,Normal,1,5,Water,,165,75,80,40,45,65,470
595,Joltik,バチュル,Normal,1,5,Bug,Electric,50,47,50,57,50,65,319
596,Galvantula,デンチュラ,Normal,1,5,Bug,Electric,70,77,60,97,60,108,472
597,Ferroseed,テッシード,Normal,1,5,Grass,Steel,44,50,91,24,86,10,305
598,Ferrothorn,ナットレイ,Normal,1,5,Grass,Steel,74,94,131,54,116,20,489
599,Klink,ギアル,Normal,1,5,Steel,,40,55,70,45,60,30,300
600,Klang,ギギアル,Normal,1,5,Steel,,60,80,95,70,85,50,440
601,Klinklang,ギギギアル,Normal,1,5,Steel,,60,100,115,70,85,90,520
602,Tynamo,シビシラス,Normal,1,5,Electric,,35,55,40,45,40,60,275
603,Eelektrik,シビビール,Normal,1,5,Electric,,65,85,70,75,70,40,405
604,Eelektross,シビルドン,Normal,1,5,Electric,,85,115,80,105,80,50,515
605,Elgyem,リグレー,Normal,1,5,Psychic,,55,55,55,85,55,30,335
606,Beheeyem,オーベム,Normal,1,5,Psychic,,75,75,75,125,95,40,485
607,Litwick,ヒトモシ,Normal,1,5,Ghost,Fire,50,30,55,65,55,20,275
608,Lampent,ランプラー,Normal,1,5,Ghost,Fire,60,40,60,95,60,55,370
609,Chandelure,シャンデラ,Normal,1,5,Ghost,Fire,60,55,90,145,90,80,520
610,Axew,キバゴ,Normal,1,5,Dragon,,46,87,60,30,40,57,320
611,Fraxure,オノンド,Normal,1,5,Dragon,,66,117,70,40,50,67,410
612,Haxorus,オノノクス,Normal,1,5,Dragon,,76,147,90,60,70,97,540
613,Cubchoo,クマシュン,Normal,1,5,Ice,,55,70,40,60,40,40,305
614,Beartic,ツンベアー,Normal,1,5,Ice,,95,130,80,70,80,50,505
615,Cryogonal,フリージオ,Normal,1,5,Ice,,80,50,50,95,135,105,515
616,Shelmet,チョボマキ,Normal,1,5,Bug,,50,40,85,40,65,25,305
617,Accelgor,アギルダー,Normal,1,5,Bug,,80,70,40,100,60,145,495
618,Stunfisk,マッギョ,Normal,2,5,Ground,Electric,109,66,84,81,99,32,471
618,Stunfisk,マッギョ,Galarian Stunfisk,2,5,Ground,Steel,109,81,99,66,84,32,471
619,Mienfoo,コジョフー,Normal,1,5,Fighting,,45,85,50,55,50,65,350
620,Mienshao,コジョンド,Normal,1,5,Fighting,,65,125,60,95,60,105,510
621,Druddigon,クリムガン,Normal,1,5,Dragon,,77,120,90,60,90,48,485
622,Golett,ゴビット,Normal,1,5,Ground,Ghost,59,74,50,35,50,35,303
623,Golurk,ゴルーグ,Normal,1,5,Ground,Ghost,89,124,80,55,80,55,483
624,Pawniard,コマタナ,Normal,1,5,Dark,Steel,45,85,70,40,40,60,340
625,Bisharp,キリキザン,Normal,1,5,Dark,Steel,65,125,100,60,70,70,490
626,Bouffalant,バッフロン,Normal,1,5,Normal,,95,110,95,40,95,55,490
627,Rufflet,ワシボン,Normal,1,5,Normal,Flying,70,83,50,37,50,60,350
628,Braviary,ウォーグル,Normal,2,5,Normal,Flying,100,123,75,57,75,80,510
628,Braviary,ウォーグル,Hisuian Braviary,2,5,Psychic,Flying,110,83,70,112,70,65,510
629,Vullaby,バルチャイ,Normal,1,5,Dark,Flying,70,55,75,45,65,60,370
630,Mandibuzz,バルジーナ,Normal,1,5,Dark,Flying,110,65,105,55,95,80,510
631,Heatmor,クイタラン,Normal,1,5,Fire,,85,97,66,105,66,65,484
632,Durant,アイアント,Normal,1,5,Bug,Steel,58,109,112,48,48,109,484
633,Deino,モノズ,Normal,1,5,Dark,Dragon,52,65,50,45,50,38,300
634,Zweilous,ジヘッド,Normal,1,5,Dark,Dragon,72,85,70,65,70,58,420
635,Hydreigon,サザンドラ,Normal,1,5,Dark,Dragon,92,105,90,125,90,98,600
636,Larvesta,メラルバ,Normal,1,5,Bug,Fire,55,85,55,50,55,60,360
637,Volcarona,ウルガモス,Normal,1,5,Bug,Fire,85,60,65,135,105,100,550
638,Cobalion,コバルオン,Normal,1,5,Steel,Fighting,91,90,129,90,72,108,580
639,Terrakion,テラキオン,Normal,1,5,Rock,Fighting,91,129,90,72,90,108,580
640,Virizion,ビリジオン,Normal,1,5,Grass,Fighting,91,90,72,90,129,108,580
641,Tornadus,トルネロス,Incarnate Forme,2,5,Flying,,79,115,70,125,80,111,580
641,Tornadus,トルネロス,Therian Forme,2,5,Flying,,79,100,80,110,90,121,580
642,Thundurus,ボルトロス,Incarnate Forme,2,5,Electric,Flying,79,115,70,125,80,111,580
642,Thundurus,ボルトロス,Therian Forme,2,5,Electric,Flying,79,105,70,145,80,101,580
643,Reshiram,レシラム,Normal,1,5,Dragon,Fire,100,120,100,150,120,90,680
644,Zekrom,ゼクロム,Normal,1,5,Dragon,Electric,100,150,120,120,100,90,680
645,Landorus,ランドロス,Incarnate Forme,2,5,Ground,Flying,89,125,90,115,80,101,600
645,Landorus,ランドロス,Therian Forme,2,5,Ground,Flying,89,145,90,105,80,91,600
646,Kyurem,キュレム,Normal,3,5,Dragon,Ice,125,130,90,130,90,95,660
646,Kyurem,キュレム,White Kyurem,3,5,Dragon,Ice,125,120,90,170,100,95,700
646,Kyurem,キュレム,Black Kyurem,3,5,Dragon,Ice,125,170,100,120,90,95,700
647,Keldeo,ケルディオ,Ordinary Form,2,5,Water,Fighting,91,72,90,129,90,108,580
647,Keldeo,ケルディオ,Resolute Form,2,5,Water,Fighting,91,72,90,129,90,108,580
648,Meloetta,メロエッタ,Aria Forme,2,5,Normal,Psychic,100,77,77,128,128,90,600
648,Meloetta,メロエッタ,Pirouette Forme,2,5,Normal,Fighting,100,128,90,77,77,128,600
649,Genesect,ゲノセクト,Normal,1,5,Bug,Steel,71,120,95,120,95,99,600
650,Chespin,ハリマロン,Normal,1,6,Grass,,56,61,65,48,45,38,313
651,Quilladin,ハリボーグ,Normal,1,6,Grass,,61,78,95,56,58,57,405
652,Chesnaught,ブリガロン,Normal,1,6,Grass,Fighting,88,107,122,74,75,64,530
653,Fennekin,フォッコ,Normal,1,6,Fire,,40,45,40,62,60,60,307
654,Braixen,テールナー,Normal,1,6,Fire,,59,59,58,90,70,73,409
655,Delphox,マフォクシー,Normal,1,6,Fire,Psychic,75,69,72,114,100,104,534
656,Froakie,ケロマツ,Normal,1,6,Water,,41,56,40,62,44,71,314
657,Frogadier,ゲコガシラ,Normal,1,6,Water,,54,63,52,83,56,97,405
658,Greninja,ゲッコウガ,Normal,2,6,Water,Dark,72,95,67,103,71,122,530
658,Greninja,ゲッコウガ,Ash-Greninja,2,6,Water,Dark,72,145,67,153,71,132,640
659,Bunnelby,ホルビー,Normal,1,6,Normal,,38,36,38,32,36,57,237
660,Diggersby,ホルード,Normal,1,6,Normal,Ground,85,56,77,50,77,78,423
661,Fletchling,ヤヤコマ,Normal,1,6,Normal,Flying,45,50,43,40,38,62,278
662,Fletchinder,ヒノヤコマ,Normal,1,6,Fire,Flying,62,73,55,56,52,84,382
663,Talonflame,ファイアロー,Normal,1,6,Fire,Flying,78,81,71,74,69,126,499
664,Scatterbug,コフキムシ,Normal,1,6,Bug,,38,35,40,27,25,35,200
665,Spewpa,コフーライ,Normal,1,6,Bug,,45,22,60,27,30,29,213
666,Vivillon,ビビヨン,Normal,1,6,Bug,Flying,80,52,50,90,50,89,411
667,Litleo,シシコ,Normal,1,6,Fire,Normal,62,50,58,73,54,72,369
668,Pyroar,カエンジシ,Normal,1,6,Fire,Normal,86,68,72,109,66,106,507
669,Flabébé,フラベベ,Normal,1,6,Fairy,,44,38,39,61,79,42,303
670,Floette,フラエッテ,Normal,1,6,Fairy,,54,45,47,75,98,52,371
671,Florges,フラージェス,Normal,1,6,Fairy,,78,65,68,112,154,75,552
672,Skiddo,メェークル,Normal,1,6,Grass,,66,65,48,62,57,52,350
673,Gogoat,ゴーゴート,Normal,1,6,Grass,,123,100,62,97,81,68,531
674,Pancham,ヤンチャム,Normal,1,6,Fighting,,67,82,62,46,48,43,348
675,Pangoro,ゴロンダ,Normal,1,6,Fighting,Dark,95,124,78,69,71,58,495
676,Furfrou,トリミアン,Normal,1,6,Normal,,75,80,60,65,90,102,472
677,Espurr,ニャスパー,Normal,1,6,Psychic,,62,48,54,63,60,68,355
678,Meowstic,ニャオニクス,Male,2,6,Psychic,,74,48,76,83,81,104,466
678,Meowstic,ニャオニクス,Female,2,6,Psychic,,74,48,76,83,81,104,466
679,Honedge,ヒトツキ,Normal,1,6,Steel,Ghost,45,80,100,35,37,28,325
680,Doublade,ニダンギル,Normal,1,6,Steel,Ghost,59,110,150,45,49,35,448
681,Aegislash,ギルガルド,Shield Forme,2,6,Steel,Ghost,60,50,140,50,140,60,500
681,Aegislash,ギルガルド,Blade Forme,2,6,Steel,Ghost,60,140,50,140,50,60,500
682,Spritzee,シュシュプ,Normal,1,6,Fairy,,78,52,60,63,65,23,341
683,Aromatisse,フレフワン,Normal,1,6,Fairy,,101,72,72,99,89,29,462
684,Swirlix,ペロッパフ,Normal,1,6,Fairy,,62,48,66,59,57,49,341
685,Slurpuff,ペロリーム,Normal,1,6,Fairy,,82,80,86,85,75,72,480
686,Inkay,マーイーカ,Normal,1,6,Dark,Psychic,53,54,53,37,46,45,288
687,Malamar,カラマネロ,Normal,1,6,Dark,Psychic,86,92,88,68,75,73,482
688,Binacle,カメテテ,Normal,1,6,Rock,Water,42,52,67,39,56,50,306
689,Barbaracle,ガメノデス,Normal,1,6,Rock,Water,72,105,115,54,86,68,500
690,Skrelp,クズモー,Normal,1,6,Poison,Water,50,60,60,60,60,30,320
691,Dragalge,ドラミドロ,Normal,1,6,Poison,Dragon,65,75,90,97,123,44,494
692,Clauncher,ウデッポウ,Normal,1,6,Water,,50,53,62,58,63,44,330
693,Clawitzer,ブロスター,Normal,1,6,Water,,71,73,88,120,89,59,500
694,Helioptile,エリキテル,Normal,1,6,Electric,Normal,44,38,33,61,43,70,289
695,Heliolisk,エレザード,Normal,1,6,Electric,Normal,62,55,52,109,94,109,481
696,Tyrunt,チゴラス,Normal,1,6,Rock,Dragon,58,89,77,45,45,48,362
697,Tyrantrum,ガチゴラス,Normal,1,6,Rock,Dragon,82,121,119,69,59,71,521
698,Amaura,アマルス,Normal,1,6,Rock,Ice,77,59,50,67,63,46,362
699,Aurorus,アマルルガ,Normal,1,6,Rock,Ice,123,77,72,99,92,58,521
700,Sylveon,ニンフィア,Normal,1,6,Fairy,,95,65,65,110,130,60,525
701,Hawlucha,ルチャブル,Normal,1,6,Fighting,Flying,78,92,75,74,63,118,500
702,Dedenne,デデンネ,Normal,1,6,Electric,Fairy,67,58,57,81,67,101,431
703,Carbink,メレシー,Normal,1,6,Rock,Fairy,50,50,150,50,150,50,500
704,Goomy,ヌメラ,Normal,1,6,Dragon,,45,50,35,55,75,40,300
705,Sliggoo,ヌメイル,Normal,2,6,Dragon,,68,75,53,83,113,60,452
705,Sliggoo,ヌメイル,Hisuian Sliggoo,2,6,Steel,Dragon,58,75,83,83,113,40,452
706,Goodra,ヌメルゴン,Normal,2,6,Dragon,,90,100,70,110,150,80,600
706,Goodra,ヌメルゴン,Hisuian Goodra,2,6,Steel,Dragon,80,100,100,110,150,60,600
707,Klefki,クレッフィ,Normal,1,6,Steel,Fairy,57,80,91,80,87,75,470
708,Phantump,ボクレー,Normal,1,6,Ghost,Grass,43,70,48,50,60,38,309
709,Trevenant,オーロット,Normal,1,6,Ghost,Grass,85,110,76,65,82,56,474
710,Pumpkaboo,バケッチャ,Average Size,4,6,Ghost,Grass,49,66,70,44,55,51,335
710,Pumpkaboo,バケッチャ,Small Size,4,6,Ghost,Grass,44,66,70,44,55,56,335
710,Pumpkaboo,バケッチャ,Large Size,4,6,Ghost,Grass,54,66,70,44,55,46,335
710,Pumpkaboo,バケッチャ,Super Size,4,6,Ghost,Grass,59,66,70,44,55,41,335
711,Gourgeist,パンプジン,Average Size,4,6,Ghost,Grass,65,90,122,58,75,84,494
711,Gourgeist,パンプジン,Small Size,4,6,Ghost,Grass,55,85,122,58,75,99,494
711,Gourgeist,パンプジン,Large Size,4,6,Ghost,Grass,75,95,122,58,75,69,494
711,Gourgeist,パンプジン,Super Size,4,6,Ghost,Grass,85,100,122,58,75,54,494
712,Bergmite,カチコール,Normal,1,6,Ice,,55,69,85,32,35,28,304
713,Avalugg,クレベース,Normal,2,6,Ice,,95,117,184,44,46,28,514
713,Avalugg,クレベース,Hisuian Avalugg,2,6,Ice,Rock,95,127,184,34,36,38,514
714,Noibat,オンバット,Normal,1,6,Flying,Dragon,40,30,35,45,40,55,245
715,Noivern,オンバーン,Normal,1,6,Flying,Dragon,85,70,80,97,80,123,535
716,Xerneas,ゼルネアス,Normal,1,6,Fairy,,126,131,95,131,98,99,680
717,Yveltal,イベルタル,Normal,1,6,Dark,Flying,126,131,95,131,98,99,680
718,Zygarde,ジガルデ,50% Forme,3,6,Dragon,Ground,108,100,121,81,95,95,600
718,Zygarde,ジガルデ,10% Forme,3,6,Dragon,Ground,54,100,71,61,85,115,486
718,Zygarde,ジガルデ,Complete Forme,3,6,Dragon,Ground,216,100,121,91,95,85,708
719,Diancie,ディアンシー,Normal,2,6,Rock,Fairy,50,100,150,100,150,50,600
719,Diancie,メガディアンシー,Mega Diancie,2,6,Rock,Fairy,50,160,110,160,110,110,700
720,Hoopa,フーパ,Hoopa Confined,2,6,Psychic,Ghost,80,110,60,150,130,70,600
720,Hoopa,フーパ,Hoopa Unbound,2,6,Psychic,Dark,80,160,60,170,130,80,680
721,Volcanion,ボルケニオン,Normal,1,6,Fire,Water,80,110,120,130,90,70,600
722,Rowlet,モクロー,Normal,1,7,Grass,Flying,68,55,55,50,50,42,320
723,Dartrix,フクスロー,Normal,1,7,Grass,Flying,78,75,75,70,70,52,420
724,Decidueye,ジュナイパー,Normal,2,7,Grass,Ghost,78,107,75,100,100,70,530
724,Decidueye,ジュナイパー,Hisuian Decidueye,2,7,Grass,Fighting,88,112,80,95,95,60,530
725,Litten,ニャビー,Normal,1,7,Fire,,45,65,40,60,40,70,320
726,Torracat,ニャヒート,Normal,1,7,Fire,,65,85,50,80,50,90,420
727,Incineroar,ガオガエン,Normal,1,7,Fire,Dark,95,115,90,80,90,60,530
728,Popplio,アシマリ,Normal,1,7,Water,,50,54,54,66,56,40,320
729,Brionne,オシャマリ,Normal,1,7,Water,,60,69,69,91,81,50,420
730,Primarina,アシレーヌ,Normal,1,7,Water,Fairy,80,74,74,126,116,60,530
731,Pikipek,ツツケラ,Normal,1,7,Normal,Flying,35,75,30,30,30,65,265
732,Trumbeak,ケララッパ,Normal,1,7,Normal,Flying,55,85,50,40,50,75,355
733,Toucannon,ドデカバシ,Normal,1,7,Normal,Flying,80,120,75,75,75,60,485
734,Yungoos,ヤングース,Normal,1,7,Normal,,48,70,30,30,30,45,253
735,Gumshoos,デカグース,Normal,1,7,Normal,,88,110,60,55,60,45,418
736,Grubbin,アゴジムシ,Normal,1,7,Bug,,47,62,45,55,45,46,300
737,Charjabug,デンヂムシ,Normal,1,7,Bug,Electric,57,82,95,55,75,36,400
738,Vikavolt,クワガノン,Normal,1,7,Bug,Electric,77,70,90,145,75,43,500
739,Crabrawler,マケンカニ,Normal,1,7,Fighting,,47,82,57,42,47,63,338
740,Crabominable,ケケンカニ,Normal,1,7,Fighting,Ice,97,132,77,62,67,43,478
741,Oricorio,オドリドリ,Baile Style,4,7,Fire,Flying,75,70,70,98,70,93,476
741,Oricorio,オドリドリ,Pom-Pom Style,4,7,Electric,Flying,75,70,70,98,70,93,476
741,Oricorio,オドリドリ,Pa'u Style,4,7,Psychic,Flying,75,70,70,98,70,93,476
741,Oricorio,オドリドリ,Sensu Style,4,7,Ghost,Flying,75,70,70,98,70,93,476
742,Cutiefly,アブリー,Normal,1,7,Bug,Fairy,40,45,40,55,40,84,304
743,Ribombee,アブリボン,Normal,1,7,Bug,Fairy,60,55,60,95,70,124,464
744,Rockruff,イワンコ,Normal,2,7,Rock,,45,65,40,30,40,60,280
744,Rockruff,Rockruff,Own Tempo Rockruff,2,7,Rock,,45,65,40,30,40,60,280
745,Lycanroc,ルガルガン,Midday Form,3,7,Rock,,75,115,65,55,65,112,487
745,Lycanroc,ルガルガン,Midnight Form,3,7,Rock,,85,115,75,55,75,82,487
745,Lycanroc,ルガルガン,Dusk Form,3,7,Rock,,75,117,65,55,65,110,487
746,Wishiwashi,ヨワシ,Solo Form,2,7,Water,,45,20,20,25,25,40,175
746,Wishiwashi,ヨワシ,School Form,2,7,Water,,45,140,130,140,135,30,620
747,Mareanie,ヒドイデ,Normal,1,7,Poison,Water,50,53,62,43,52,45,305
748,Toxapex,ドヒドイデ,Normal,1,7,Poison,Water,50,63,152,53,142,35,495
749,Mudbray,ドロバンコ,Normal,1,7,Ground,,70,100,70,45,55,45,385
750,Mudsdale,バンバドロ,Normal,1,7,Ground,,100,125,100,55,85,35,500
751,Dewpider,シズクモ,Normal,1,7,Water,Bug,38,40,52,40,72,27,269
752,Araquanid,オニシズクモ,Normal,1,7,Water,Bug,68,70,92,50,132,42,454
753,Fomantis,カリキリ,Normal,1,7,Grass,,40,55,35,50,35,35,250
754,Lurantis,ラランテス,Normal,1,7,Grass,,70,105,90,80,90,45,480
755,Morelull,ネマシュ,Normal,1,7,Grass,Fairy,40,35,55,65,75,15,285
756,Shiinotic,マシェード,Normal,1,7,Grass,Fairy,60,45,80,90,100,30,405
757,Salandit,ヤトウモリ,Normal,1,7,Poison,Fire,48,44,40,71,40,77,320
758,Salazzle,エンニュート,Normal,1,7,Poison,Fire,68,64,60,111,60,117,480
759,Stufful,ヌイコグマ,Normal,1,7,Normal,Fighting,70,75,50,45,50,50,340
760,Bewear,キテルグマ,Normal,1,7,Normal,Fighting,120,125,80,55,60,60,500
761,Bounsweet,アマカジ,Normal,1,7,Grass,,42,30,38,30,38,32,210
762,Steenee,アママイコ,Normal,1,7,Grass,,52,40,48,40,48,62,290
763,Tsareena,アマージョ,Normal,1,7,Grass,,72,120,98,50,98,72,510
764,Comfey,キュワワー,Normal,1,7,Fairy,,51,52,90,82,110,100,485
765,Oranguru,ヤレユータン,Normal,1,7,Normal,Psychic,90,60,80,90,110,60,490
766,Passimian,ナゲツケサル,Normal,1,7,Fighting,,100,120,90,40,60,80,490
767,Wimpod,コソクムシ,Normal,1,7,Bug,Water,25,35,40,20,30,80,230
768,Golisopod,グソクムシャ,Normal,1,7,Bug,Water,75,125,140,60,90,40,530
769,Sandygast,スナバァ,Normal,1,7,Ghost,Ground,55,55,80,70,45,15,320
770,Palossand,シロデスナ,Normal,1,7,Ghost,Ground,85,75,110,100,75,35,480
771,Pyukumuku,ナマコブシ,Normal,1,7,Water,,55,60,130,30,130,5,410
772,Type: Null,タイプ：ヌル,Normal,1,7,Normal,,95,95,95,95,95,59,534
773,Silvally,シルヴァディ,Normal,1,7,Normal,,95,95,95,95,95,95,570
774,Minior,メテノ,Meteor Form,2,7,Rock,Flying,60,60,100,60,100,60,440
774,Minior,メテノ,Core Form,2,7,Rock,Flying,60,100,60,100,60,120,500
775,Komala,ネッコアラ,Normal,1,7,Normal,,65,115,65,75,95,65,480
776,Turtonator,バクガメス,Normal,1,7,Fire,Dragon,60,78,135,91,85,36,485
777,Togedemaru,トゲデマル,Normal,1,7,Electric,Steel,65,98,63,40,73,96,435
778,Mimikyu,ミミッキュ,Normal,1,7,Ghost,Fairy,55,90,80,50,105,96,476
779,Bruxish,ハギギシリ,Normal,1,7,Water,Psychic,68,105,70,70,70,92,475
780,Drampa,ジジーロン,Normal,1,7,Normal,Dragon,78,60,85,135,91,36,485
781,Dhelmise,ダダリン,Normal,1,7,Ghost,Grass,70,131,100,86,90,40,517
782,Jangmo-o,ジャラコ,Normal,1,7,Dragon,,45,55,65,45,45,45,300
783,Hakamo-o,ジャランゴ,Normal,1,7,Dragon,Fighting,55,75,90,65,70,65,420
784,Kommo-o,ジャラランガ,Normal,1,7,Dragon,Fighting,75,110,125,100,105,85,600
785,Tapu Koko,カプ・コケコ,Normal,1,7,Electric,Fairy,70,115,85,95,75,130,570
786,Tapu Lele,カプ・テテフ,Normal,1,7,Psychic,Fairy,70,85,75,130,115,95,570
787,Tapu Bulu,カプ・ブルル,Normal,1,7,Grass,Fairy,70,130,115,85,95,75,570
788,Tapu Fini,カプ・レヒレ,Normal,1,7,Water,Fairy,70,75,115,95,130,85,570
789,Cosmog,コスモッグ,Normal,1,7,Psychic,,43,29,31,29,31,37,200
790,Cosmoem,コスモウム,Normal,1,7,Psychic,,43,29,131,29,131,37,400
791,Solgaleo,ソルガレオ,Normal,1,7,Psychic,Steel,137,137,107,113,89,97,680
792,Lunala,ルナアーラ,Normal,1,7,Psychic,Ghost,137,113,89,137,107,97,680
793,Nihilego,ウツロイド,Normal,1,7,Rock,Poison,109,53,47,127,131,103,570
794,Buzzwole,マッシブーン,Normal,1,7,Bug,Fighting,107,139,139,53,53,79,570
795,Pheromosa,フェローチェ,Normal,1,7,Bug,Fighting,71,137,37,137,37,151,570
796,Xurkitree,デンジュモク,Normal,1,7,Electric,,83,89,71,173,71,83,570
797,Celesteela,テッカグヤ,Normal,1,7,Steel,Flying,97,101,103,107,101,61,570
798,Kartana,カミツルギ,Normal,1,7,Grass,Steel,59,181,131,59,31,109,570
799,Guzzlord,アクジキング,Normal,1,7,Dark,Dragon,223,101,53,97,53,43,570
800,Necrozma,ネクロズマ,Normal,4,7,Psychic,,97,107,101,127,89,79,600
800,Necrozma,ネクロズマ,Dusk Mane Necrozma,4,7,Psychic,Steel,97,157,127,113,109,77,680
800,Necrozma,ネクロズマ,Dawn Wings Necrozma,4,7,Psychic,Ghost,97,113,109,157,127,77,680
800,Necrozma,ネクロズマ,Ultra Necrozma,4,7,Psychic,Dragon,97,167,97,167,97,129,754
801,Magearna,マギアナ,Normal,1,7,Steel,Fairy,80,95,115,130,115,65,600
802,Marshadow,マーシャドー,Normal,1,7,Fighting,Ghost,90,125,80,90,90,125,600
803,Poipole,ベベノム,Normal,1,7,Poison,,67,73,67,73,67,73,420
804,Naganadel,アーゴヨン,Normal,1,7,Poison,Dragon,73,73,73,127,73,121,540
805,Stakataka,ツンデツンデ,Normal,1,7,Rock,Steel,61,131,211,53,101,13,570
806,Blacephalon,ズガドーン,Normal,1,7,Fire,Ghost,53,127,53,151,79,107,570
807,Zeraora,ゼラオラ,Normal,1,7,Electric,,88,112,75,102,80,143,600
808,Meltan,メルタン,Normal,1,7,Steel,,46,65,65,55,35,34,300
809,Melmetal,メルメタル,Normal,1,7,Steel,,135,143,143,80,65,34,600
810,Grookey,サルノリ,Normal,1,8,Grass,,50,65,50,40,40,65,310
811,Thwackey,バチンキー,Normal,1,8,Grass,,70,85,70,55,60,80,420
812,Rillaboom,ゴリランダー,Normal,1,8,Grass,,100,125,90,60,70,85,530
813,Scorbunny,ヒバニー,Normal,1,8,Fire,,50,71,40,40,40,69,310
814,Raboot,ラビフット,Normal,1,8,Fire,,65,86,60,55,60,94,420
815,Cinderace,エースバーン,Normal,1,8,Fire,,80,116,75,65,75,119,530
816,Sobble,メッソン,Normal,1,8,Water,,50,40,40,70,40,70,310
817,Drizzile,ジメレオン,Normal,1,8,Water,,65,60,55,95,55,90,420
818,Inteleon,インテレオン,Normal,1,8,Water,,70,85,65,125,65,120,530
819,Skwovet,ホシガリス,Normal,1,8,Normal,,70,55,55,35,35,25,275
820,Greedent,ヨクバリス,Normal,1,8,Normal,,120,95,95,55,75,20,460
821,Rookidee,ココガラ,Normal,1,8,Flying,,38,47,35,33,35,57,245
822,Corvisquire,アオガラス,Normal,1,8,Flying,,68,67,55,43,55,77,365
823,Corviknight,アーマーガア,Normal,1,8,Flying,Steel,98,87,105,53,85,67,495
824,Blipbug,サッチムシ,Normal,1,8,Bug,,25,20,20,25,45,45,180
825,Dottler,レドームシ,Normal,1,8,Bug,Psychic,50,35,80,50,90,30,335
826,Orbeetle,イオルブ,Normal,1,8,Bug,Psychic,60,45,110,80,120,90,505
827,Nickit,クスネ,Normal,1,8,Dark,,40,28,28,47,52,50,245
828,Thievul,フォクスライ,Normal,1,8,Dark,,70,58,58,87,92,90,455
829,Gossifleur,ヒメンカ,Normal,1,8,Grass,,40,40,60,40,60,10,250
830,Eldegoss,ワタシラガ,Normal,1,8,Grass,,60,50,90,80,120,60,460
831,Wooloo,ウールー,Normal,1,8,Normal,,42,40,55,40,45,48,270
832,Dubwool,バイウールー,Normal,1,8,Normal,,72,80,100,60,90,88,490
833,Chewtle,カムカメ,Normal,1,8,Water,,50,64,50,38,38,44,284
834,Drednaw,カジリガメ,Normal,1,8,Water,Rock,90,115,90,48,68,74,485
835,Yamper,ワンパチ,Normal,1,8,Electric,,59,45,50,40,50,26,270
836,Boltund,パルスワン,Normal,1,8,Electric,,69,90,60,90,60,121,490
837,Rolycoly,タンドン,Normal,1,8,Rock,,30,40,50,40,50,30,240
838,Carkol,トロッゴン,Normal,1,8,Rock,Fire,80,60,90,60,70,50,410
839,Coalossal,セキタンザン,Normal,1,8,Rock,Fire,110,80,120,80,90,30,510
840,Applin,カジッチュ,Normal,1,8,Grass,Dragon,40,40,80,40,40,20,260
841,Flapple,アップリュー,Normal,1,8,Grass,Dragon,70,110,80,95,60,70,485
842,Appletun,タルップル,Normal,1,8,Grass,Dragon,110,85,80,100,80,30,485
843,Silicobra,スナヘビ,Normal,1,8,Ground,,52,57,75,35,50,46,315
844,Sandaconda,サダイジャ,Normal,1,8,Ground,,72,107,125,65,70,71,510
845,Cramorant,ウッウ,Normal,1,8,Flying,Water,70,85,55,85,95,85,475
846,Arrokuda,サシカマス,Normal,1,8,Water,,41,63,40,40,30,66,280
847,Barraskewda,カマスジョー,Normal,1,8,Water,,61,123,60,60,50,136,490
848,Toxel,エレズン,Normal,1,8,Electric,Poison,40,38,35,54,35,40,242
849,Toxtricity,ストリンダー,Amped Form,2,8,Electric,Poison,75,98,70,114,70,75,502
849,Toxtricity,ストリンダー,Low Key Form,2,8,Electric,Poison,75,98,70,114,70,75,502
850,Sizzlipede,ヤクデ,Normal,1,8,Fire,Bug,50,65,45,50,50,45,305
851,Centiskorch,マルヤクデ,Normal,1,8,Fire,Bug,100,115,65,90,90,65,525
852,Clobbopus,タタッコ,Normal,1,8,Fighting,,50,68,60,50,50,32,310
853,Grapploct,オトスパス,Normal,1,8,Fighting,,80,118,90,70,80,42,480
854,Sinistea,ヤバチャ,Normal,1,8,Ghost,,40,45,45,74,54,50,308
855,Polteageist,ポットデス,Normal,1,8,Ghost,,60,65,65,134,114,70,508
856,Hatenna,ミブリム,Normal,1,8,Psychic,,42,30,45,56,53,39,265
857,Hattrem,テブリム,Normal,1,8,Psychic,,57,40,65,86,73,49,370
858,Hatterene,ブリムオン,Normal,1,8,Psychic,Fairy,57,90,95,136,103,29,510
859,Impidimp,ベロバー,Normal,1,8,Dark,Fairy,45,45,30,55,40,50,265
860,Morgrem,ギモー,Normal,1,8,Dark,Fairy,65,60,45,75,55,70,370
861,Grimmsnarl,オーロンゲ,Normal,1,8,Dark,Fairy,95,120,65,95,75,60,510
862,Obstagoon,タチフサグマ,Normal,1,8,Dark,Normal,93,90,101,60,81,95,520
863,Perrserker,ニャイキング,Normal,1,8,Steel,,70,110,100,50,60,50,440
864,Cursola,サニゴーン,Normal,1,8,Ghost,,60,95,50,145,130,30,510
865,Sirfetch'd,ネギガナイト,Normal,1,8,Fighting,,62,135,95,68,82,65,507
866,Mr. Rime,バリコオル,Normal,1,8,Ice,Psychic,80,85,75,110,100,70,520
867,Runerigus,デスバーン,Normal,1,8,Ground,Ghost,58,95,145,50,105,30,483
868,Milcery,マホミル,Normal,1,8,Fairy,,45,40,40,50,61,34,270
869,Alcremie,マホイップ,Normal,1,8,Fairy,,65,60,75,110,121,64,495
870,Falinks,タイレーツ,Normal,1,8,Fighting,,65,100,100,70,60,75,470
871,Pincurchin,バチンウニ,Normal,1,8,Electric,,48,101,95,91,85,15,435
872,Snom,ユキハミ,Normal,1,8,Ice,Bug,30,25,35,45,30,20,185
873,Frosmoth,モスノウ,Normal,1,8,Ice,Bug,70,65,60,125,90,65,475
874,Stonjourner,イシヘンジン,Normal,1,8,Rock,,100,125,135,20,20,70,470
875,Eiscue,コオリッポ,Ice Face,2,8,Ice,,75,80,110,65,90,50,470
875,Eiscue,コオリッポ,Noice Face,2,8,Ice,,75,80,70,65,50,130,470
876,Indeedee,イエッサン,Male,2,8,Psychic,Normal,60,65,55,105,95,95,475
876,Indeedee,イエッサン,Female,2,8,Psychic,Normal,70,55,65,95,105,85,475
877,Morpeko,モルペコ,Full Belly Mode,2,8,Electric,Dark,58,95,58,70,58,97,436
877,Morpeko,Morpeko,Hangry Mode,2,8,Electric,Dark,58,95,58,70,58,97,436
878,Cufant,ゾウドウ,Normal,1,8,Steel,,72,80,49,40,49,40,330
879,Copperajah,ダイオウドウ,Normal,1,8,Steel,,122,130,69,80,69,30,500
880,Dracozolt,パッチラゴン,Normal,1,8,Electric,Dragon,90,100,90,80,70,75,505
881,Arctozolt,パッチルドン,Normal,1,8,Electric,Ice,90,100,90,90,80,55,505
882,Dracovish,ウオノラゴン,Normal,1,8,Water,Dragon,90,90,100,70,80,75,505
883,Arctovish,ウオチルドン,Normal,1,8,Water,Ice,90,90,100,80,90,55,505
884,Duraludon,ジュラルドン,Normal,1,8,Steel,Dragon,70,95,115,120,50,85,535
885,Dreepy,ドラメシヤ,Normal,1,8,Dragon,Ghost,28,60,30,40,30,82,270
886,Drakloak,ドロンチ,Normal,1,8,Dragon,Ghost,68,80,50,60,50,102,410
887,Dragapult,ドラパルト,Normal,1,8,Dragon,Ghost,88,120,75,100,75,142,600
888,Zacian,ザシアン,Hero of Many Battles,2,8,Fairy,,92,120,115,80,115,138,660
888,Zacian,ザシアン,Crowned Sword,2,8,Fairy,Steel,92,150,115,80,115,148,700
889,Zamazenta,ザマゼンタ,Hero of Many Battles,2,8,Fighting,,92,120,115,80,115,138,660
889,Zamazenta,ザマゼンタ,Crowned Shield,2,8,Fighting,Steel,92,120,140,80,140,128,700
890,Eternatus,ムゲンダイナ,Normal,2,8,Poison,Dragon,140,85,95,145,95,130,690
890,Eternatus,Eternatus,Eternamax,2,8,Poison,Dragon,255,115,250,125,250,130,1125
891,Kubfu,ダクマ,Normal,1,8,Fighting,,60,90,60,53,50,72,385
892,Urshifu,ウーラオス,Single Strike Style,2,8,Fighting,Dark,100,130,100,63,60,97,550
892,Urshifu,ウーラオス,Rapid Strike Style,2,8,Fighting,Water,100,130,100,63,60,97,550
893,Zarude,ザルード,Normal,1,8,Dark,Grass,105,120,105,70,95,105,600
894,Regieleki,レジエレキ,Normal,1,8,Electric,,80,100,50,100,50,200,580
895,Regidrago,レジドラゴ,Normal,1,8,Dragon,,200,100,50,100,50,80,580
896,Glastrier,ブリザポス,Normal,1,8,Ice,,100,145,130,65,110,30,580
897,Spectrier,レイスポス,Normal,1,8,Ghost,,100,65,60,145,80,130,580
898,Calyrex,バドレックス,Normal,3,8,Psychic,Grass,100,80,80,80,80,80,500
898,Calyrex,バドレックス,Ice Rider,3,8,Psychic,Ice,100,165,150,85,130,50,680
898,Calyrex,バドレックス,Shadow Rider,3,8,Psychic,Ghost,100,85,80,165,100,150,680
899,Wyrdeer,アヤシシ,Normal,1,8,Normal,Psychic,103,105,72,105,75,65,525
900,Kleavor,バサギリ,Normal,1,8,Bug,Rock,70,130,95,45,75,85,500
901,Ursaluna,ガチグマ,Normal,1,8,Ground,Normal,130,140,105,45,80,50,550
902,Basculegion,イダイトウ,Male,2,8,Water,Ghost,120,112,65,80,75,78,530
902,Basculegion,イダイトウ,Female,2,8,Water,Ghost,120,92,65,100,75,78,530
903,Sneasler,オオニューラ,Normal,1,8,Poison,Fighting,80,130,60,40,80,120,510
904,Overqwil,ハリーマン,Normal,1,8,Dark,Poison,85,115,95,65,65,85,510
905,Enamorus,ラブトロス,Incarnate Forme,2,8,Fairy,Flying,74,115,70,135,80,106,580
905,Enamorus,ラブトロス,Therian Forme,2,8,Fairy,Flying,74,115,110,135,100,46,580
906,Sprigatito,ニャオハ,Normal,1,9,Grass,,40,61,54,45,45,65,310
907,Floragato,ニャローテ,Normal,1,9,Grass,,61,80,63,60,63,83,410
908,Meowscarada,マスカーニャ,Normal,1,9,Grass,Dark,76,110,70,81,70,123,530
909,Fuecoco,ホゲータ,Normal,1,9,Fire,,67,45,59,63,40,36,310
910,Crocalor,アチゲータ,Normal,1,9,Fire,,81,55,78,90,58,49,411
911,Skeledirge,ラウドボーン,Normal,1,9,Fire,Ghost,104,75,100,110,75,66,530
912,Quaxly,クワッス,Normal,1,9,Water,,55,65,45,50,45,50,310
913,Quaxwell,ウェルカモ,Normal,1,9,Water,,70,85,65,65,60,65,410
914,Quaquaval,ウェーニバル,Normal,1,9,Water,Fighting,85,120,80,85,75,85,530
915,Lechonk,グルトン,Normal,1,9,Normal,,54,45,40,35,45,35,254
916,Oinkologne,パフュートン,Male,2,9,Normal,,110,100,75,59,80,65,489
916,Oinkologne,パフュートン,Female,2,9,Normal,,115,90,70,59,90,65,489
917,Tarountula,タマンチュラ,Normal,1,9,Bug,,35,41,45,29,40,20,210
918,Spidops,ワナイダー,Normal,1,9,Bug,,60,79,92,52,86,35,404
919,Nymble,マメバッタ,Normal,1,9,Bug,,33,46,40,21,25,45,210
920,Lokix,エクスレッグ,Normal,1,9,Bug,Dark,71,102,78,52,55,92,450
921,Pawmi,パモ,Normal,1,9,Electric,,45,50,20,40,25,60,240
922,Pawmo,パモット,Normal,1,9,Electric,Fighting,60,75,40,50,40,85,350
923,Pawmot,パーモット,Normal,1,9,Electric,Fighting,70,115,70,70,60,105,490
924,Tandemaus,ワッカネズミ,Normal,1,9,Normal,,50,50,45,40,45,75,305
925,Maushold,イッカネズミ,Family of Three,2,9,Normal,,74,75,70,65,75,111,470
925,Maushold,イッカネズミ,Family of Four,2,9,Normal,,74,75,70,65,75,111,470
926,Fidough,パピモッチ,Normal,1,9,Fairy,,37,55,70,30,55,65,312
927,Dachsbun,バウッツェル,Normal,1,9,Fairy,,57,80,115,50,80,95,477
928,Smoliv,ミニーブ,Normal,1,9,Grass,Normal,41,35,45,58,51,30,260
929,Dolliv,オリーニョ,Normal,1,9,Grass,Normal,52,53,60,78,78,33,354
930,Arboliva,オリーヴァ,Normal,1,9,Grass,Normal,78,69,90,125,109,39,510
931,Squawkabilly,イキリンコ,Green Plumage,4,9,Normal,Flying,82,96,51,45,51,92,417
931,Squawkabilly,イキリンコ,Blue Plumage,4,9,Normal,Flying,82,96,51,45,51,92,417
931,Squawkabilly,イキリンコ,Yellow Plumage,4,9,Normal,Flying,82,96,51,45,51,92,417
931,Squawkabilly,イキリンコ,White Plumage,4,9,Normal,Flying,82,96,51,45,51,92,417
932,Nacli,コジオ,Normal,1,9,Rock,,55,55,75,35,35,25,280
933,Naclstack,ジオヅム,Normal,1,9,Rock,,60,60,100,35,65,35,355
934,Garganacl,キョジオーン,Normal,1,9,Rock,,100,100,130,45,90,35,500
935,Charcadet,カルボウ,Normal,1,9,Fire,,40,50,40,50,40,35,255
936,Armarouge,グレンアルマ,Normal,1,9,Fire,Psychic,85,60,100,125,80,75,525
937,Ceruledge,ソウブレイズ,Normal,1,9,Fire,Ghost,75,125,80,60,100,85,525
938,Tadbulb,ズピカ,Normal,1,9,Electric,,61,31,41,59,35,45,272
939,Bellibolt,ハラバリー,Normal,1,9,Electric,,109,64,91,103,83,45,495
940,Wattrel,カイデン,Normal,1,9,Electric,Flying,40,40,35,55,40,70,280
941,Kilowattrel,タイカイデン,Normal,1,9,Electric,Flying,70,70,60,105,60,125,490
942,Maschiff,オラチフ,Normal,1,9,Dark,,60,78,60,40,51,51,340
943,Mabosstiff,マフィティフ,Normal,1,9,Dark,,80,120,90,60,70,85,505
944,Shroodle,シルシュルー,Normal,1,9,Poison,Normal,40,65,35,40,35,75,290
945,Grafaiai,タギングル,Normal,1,9,Poison,Normal,63,95,65,80,72,110,485
946,Bramblin,アノクサ,Normal,1,9,Grass,Ghost,40,65,30,45,35,60,275
947,Brambleghast,アノホラグサ,Normal,1,9,Grass,Ghost,55,115,70,80,70,90,480
948,Toedscool,ノノクラゲ,Normal,1,9,Ground,Grass,40,40,35,50,100,70,335
949,Toedscruel,リククラゲ,Normal,1,9,Ground,Grass,80,70,65,80,120,100,515
950,Klawf,ガケガニ,Normal,1,9,Rock,,70,100,115,35,55,75,450
951,Capsakid,カプサイジ,Normal,1,9,Grass,,50,62,40,62,40,50,304
952,Scovillain,スコヴィラン,Normal,1,9,Grass,Fire,65,108,65,108,65,75,486
953,Rellor,シガロコ,Normal,1,9,Bug,,41,50,60,31,58,30,270
954,Rabsca,ベラカス,Normal,1,9,Bug,Psychic,75,50,85,115,100,45,470
955,Flittle,ヒラヒナ,Normal,1,9,Psychic,,30,35,30,55,30,75,255
956,Espathra,クエスパトラ,Normal,1,9,Psychic,,95,60,60,101,60,105,481
957,Tinkatink,カヌチャン,Normal,1,9,Fairy,Steel,50,45,45,35,64,58,297
958,Tinkatuff,ナカヌチャン,Normal,1,9,Fairy,Steel,65,55,55,45,82,78,380
959,Tinkaton,デカヌチャン,Normal,1,9,Fairy,Steel,85,75,77,70,105,94,506
960,Wiglett,ウミディグダ,Normal,1,9,Water,,10,55,25,35,25,95,245
961,Wugtrio,ウミトリオ,Normal,1,9,Water,,35,100,50,50,70,120,425
962,Bombirdier,オトシドリ,Normal,1,9,Flying,Dark,70,103,85,60,85,82,485
963,Finizen,ナミイルカ,Normal,1,9,Water,,70,45,40,45,40,75,315
964,Palafin,イルカマン,Zero Form,2,9,Water,,100,70,72,53,62,100,457
964,Palafin,イルカマン,Hero Form,2,9,Water,,100,160,97,106,87,100,650
965,Varoom,ブロロン,Normal,1,9,Steel,Poison,45,70,63,30,45,47,300
966,Revavroom,ブロロローム,Normal,1,9,Steel,Poison,80,119,90,54,67,90,500
967,Cyclizar,モトトカゲ,Normal,1,9,Dragon,Normal,70,95,65,85,65,121,501
968,Orthworm,ミミズズ,Normal,1,9,Steel,,70,85,145,60,55,65,480
969,Glimmet,キラーメ,Normal,1,9,Rock,Poison,48,35,42,105,60,60,350
970,Glimmora,キラフロル,Normal,1,9,Rock,Poison,83,55,90,130,81,86,525
971,Greavard,ボチ,Normal,1,9,Ghost,,50,61,60,30,55,34,290
972,Houndstone,ハカドッグ,Normal,1,9,Ghost,,72,101,100,50,97,68,488
973,Flamigo,カラミンゴ,Normal,1,9,Flying,Fighting,82,115,74,75,64,90,500
974,Cetoddle,アルクジラ,Normal,1,9,Ice,,108,68,45,30,40,43,334
975,Cetitan,ハルクジラ,Normal,1,9,Ice,,170,113,65,45,55,73,521
976,Veluza,ミガルーサ,Normal,1,9,Water,Psychic,90,102,73,78,65,70,478
977,Dondozo,ヘイラッシャ,Normal,1,9,Water,,150,100,115,65,65,35,530
978,Tatsugiri,シャリタツ,Normal,1,9,Dragon,Water,68,50,60,120,95,82,475
979,Annihilape,コノヨザル,Normal,1,9,Fighting,Ghost,110,115,80,50,90,90,535
980,Clodsire,ドオー,Normal,1,9,Poison,Ground,130,75,60,45,100,20,430
981,Farigiraf,リキキリン,Normal,1,9,Normal,Psychic,120,90,70,110,70,60,520
982,Dudunsparce,ノココッチ,Two-Segment Form,2,9,Normal,,125,100,80,85,75,55,520
982,Dudunsparce,ノココッチ,Three-Segment Form,2,9,Normal,,125,100,80,85,75,55,520
983,Kingambit,ドドゲザン,Normal,1,9,Dark,Steel,100,135,120,60,85,50,550
984,Great Tusk,イダイナキバ,Normal,1,9,Ground,Fighting,115,131,131,53,53,87,570
985,Scream Tail,サケブシッポ,Normal,1,9,Fairy,Psychic,115,65,99,65,115,111,570
986,Brute Bonnet,アラブルタケ,Normal,1,9,Grass,Dark,111,127,99,79,99,55,570
987,Flutter Mane,ハバタクカミ,Normal,1,9,Ghost,Fairy,55,55,55,135,135,135,570
988,Slither Wing,チヲハウハネ,Normal,1,9,Bug,Fighting,85,135,79,85,105,81,570
989,Sandy Shocks,スナノケガワ,Normal,1,9,Electric,Ground,85,81,97,121,85,101,570
990,Iron Treads,テツノワダチ,Normal,1,9,Ground,Steel,90,112,120,72,70,106,570
991,Iron Bundle,テツノツツミ,Normal,1,9,Ice,Water,56,80,114,124,60,136,570
992,Iron Hands,テツノカイナ,Normal,1,9,Fighting,Electric,154,140,108,50,68,50,570
993,Iron Jugulis,テツノコウベ,Normal,1,9,Dark,Flying,94,80,86,122,80,108,570
994,Iron Moth,テツノドクガ,Normal,1,9,Fire,Poison,80,70,60,140,110,110,570
995,Iron Thorns,テツノイバラ,Normal,1,9,Rock,Electric,100,134,110,70,84,72,570
996,Frigibax,セビエ,Normal,1,9,Dragon,Ice,65,75,45,35,45,55,320
997,Arctibax,セゴール,Normal,1,9,Dragon,Ice,90,95,66,45,65,62,423
998,Baxcalibur,セグレイブ,Normal,1,9,Dragon,Ice,115,145,92,75,86,87,600
999,Gimmighoul,コレクレー,Chest Form,2,9,Ghost,,45,30,70,75,70,10,300
999,Gimmighoul,コレクレー,Roaming Form,2,9,Ghost,,45,30,25,75,45,80,300
1000,Gholdengo,サーフゴー,Normal,1,9,Steel,Ghost,87,60,95,133,91,84,550
1001,Wo-Chien,チオンジェン,Normal,1,9,Dark,Grass,85,85,100,95,135,70,570
1002,Chien-Pao,パオジアン,Normal,1,9,Dark,Ice,80,120,80,90,65,135,570
1003,Ting-Lu,ディンルー,Normal,1,9,Dark,Ground,155,110,125,55,80,45,570
1004,Chi-Yu,イーユイ,Normal,1,9,Dark,Fire,55,80,80,135,120,100,570
1005,Roaring Moon,トドロクツキ,Normal,1,9,Dragon,Dark,105,139,71,55,101,119,590
1006,Iron Valiant,テツノブジン,Normal,1,9,Fairy,Fighting,74,130,90,120,60,116,590
1007,Koraidon,コライドン,Normal,1,9,Fighting,Dragon,100,135,115,85,100,135,670
1008,Miraidon,ミライドン,Normal,1,9,Electric,Dragon,100,85,100,135,115,135,670
